[{"uuid": "5f63f925-addd-4a81-a7cb-9f52b6c93930", "value": 223}, {"uuid": "912d1a82-a69b-4baa-bb34-225cfdb5d523", "value": 62}, {"uuid": "8c38dd37-c6b4-4702-b7fe-37783c497e3b", "value": 43}, {"uuid": "6f18cd7f-94fb-4210-88e5-e784011dbf05", "value": 26}, {"uuid": "eb498a66-15f5-4060-9c8a-5af4a49572a0", "value": 21}, {"uuid": "ade059f2-93ae-41eb-809a-d95a6758a8c2", "value": 4}, {"uuid": "e45ea9d8-8124-469b-9b73-b64257a1b0c2", "value": 2}, {"uuid": "4e7b6e0b-ea31-4ead-bc67-3e5448f380da", "value": 2}, {"uuid": "0358b757-8a58-472e-96ff-2ccf97fc8cb8", "value": 2}]