[{"uuid": "912d1a82-a69b-4baa-bb34-225cfdb5d523", "value": 27}, {"uuid": "6f18cd7f-94fb-4210-88e5-e784011dbf05", "value": 16}, {"uuid": "bb1f99ed-a2cd-43b5-ad1c-b9e46cda6dca", "value": 9}, {"uuid": "77b790b3-c006-4c97-a5fe-16a81021a6e1", "value": 8}, {"uuid": "84f53216-5024-4a02-bd0e-b28f53ea9914", "value": 7}, {"uuid": "5f63f925-addd-4a81-a7cb-9f52b6c93930", "value": 6}, {"uuid": "0422f2c8-eb5f-4305-87f0-44f9563237db", "value": 6}, {"uuid": "eb498a66-15f5-4060-9c8a-5af4a49572a0", "value": 4}, {"uuid": "0358b757-8a58-472e-96ff-2ccf97fc8cb8", "value": 4}, {"uuid": "2d5d47b6-f743-4b9e-904f-fe22a718cdfe", "value": 3}, {"uuid": "301d6fc9-cb98-407e-98da-beb3f0d3b933", "value": 2}, {"uuid": "0dfceb7c-227a-43dc-bc84-1b0b70821a4c", "value": 2}, {"uuid": "eee1b063-d998-43c0-93f2-f7c4fad5bf1f", "value": 1}, {"uuid": "22a11550-8f0e-49af-ae74-45ae5c7700f3", "value": 1}, {"uuid": "00000000-0000-0000-0009-01f7fd7585db", "value": 1}, {"uuid": "00000000-0000-0000-0009-01f3cb972bca", "value": 1}]