[{"uuid": "ade059f2-93ae-41eb-809a-d95a6758a8c2", "value": 65474}, {"uuid": "6f18cd7f-94fb-4210-88e5-e784011dbf05", "value": 1042}, {"uuid": "84f53216-5024-4a02-bd0e-b28f53ea9914", "value": 272}, {"uuid": "30a88053-ca9b-40db-907d-75ef0eef2e11", "value": 24}, {"uuid": "e8b287da-f9ea-44bf-a32c-07a50f04d731", "value": 5}, {"uuid": "912d1a82-a69b-4baa-bb34-225cfdb5d523", "value": 3}, {"uuid": "77b790b3-c006-4c97-a5fe-16a81021a6e1", "value": 3}, {"uuid": "bb1f99ed-a2cd-43b5-ad1c-b9e46cda6dca", "value": 2}, {"uuid": "2d5d47b6-f743-4b9e-904f-fe22a718cdfe", "value": 2}, {"uuid": "a29fbbaf-6e39-4b0a-8de3-75b4eb9486d7", "value": 1}, {"uuid": "5f63f925-addd-4a81-a7cb-9f52b6c93930", "value": 1}, {"uuid": "0358b757-8a58-472e-96ff-2ccf97fc8cb8", "value": 1}, {"uuid": "00000000-0000-0000-0009-01f14deeef63", "value": 1}]