[{"uuid": "bb1f99ed-a2cd-43b5-ad1c-b9e46cda6dca", "value": 2}, {"uuid": "6f18cd7f-94fb-4210-88e5-e784011dbf05", "value": 2}, {"uuid": "3a4b80a2-698c-496a-bb5d-e022c9146e05", "value": 2}, {"uuid": "0422f2c8-eb5f-4305-87f0-44f9563237db", "value": 2}, {"uuid": "912d1a82-a69b-4baa-bb34-225cfdb5d523", "value": 1}, {"uuid": "8c38dd37-c6b4-4702-b7fe-37783c497e3b", "value": 1}, {"uuid": "86147229-c1be-42bd-94af-92148a777572", "value": 1}, {"uuid": "5f63f925-addd-4a81-a7cb-9f52b6c93930", "value": 1}, {"uuid": "27e27ffd-89f0-4634-a6fc-d2f8f0ec7409", "value": 1}, {"uuid": "0358b757-8a58-472e-96ff-2ccf97fc8cb8", "value": 1}, {"uuid": "00000000-0000-0000-0009-01f7fd7585db", "value": 1}]