[{"uuid": "6f18cd7f-94fb-4210-88e5-e784011dbf05", "value": 185}, {"uuid": "77b790b3-c006-4c97-a5fe-16a81021a6e1", "value": 52}, {"uuid": "0dfceb7c-227a-43dc-bc84-1b0b70821a4c", "value": 31}, {"uuid": "0358b757-8a58-472e-96ff-2ccf97fc8cb8", "value": 26}, {"uuid": "a29fbbaf-6e39-4b0a-8de3-75b4eb9486d7", "value": 23}, {"uuid": "912d1a82-a69b-4baa-bb34-225cfdb5d523", "value": 19}, {"uuid": "30a88053-ca9b-40db-907d-75ef0eef2e11", "value": 16}, {"uuid": "5f63f925-addd-4a81-a7cb-9f52b6c93930", "value": 12}, {"uuid": "eee1b063-d998-43c0-93f2-f7c4fad5bf1f", "value": 6}, {"uuid": "84f53216-5024-4a02-bd0e-b28f53ea9914", "value": 3}, {"uuid": "0422f2c8-eb5f-4305-87f0-44f9563237db", "value": 2}, {"uuid": "2d5d47b6-f743-4b9e-904f-fe22a718cdfe", "value": 1}]