{"name": "2021_trade", "title": "2021\u5275\u4e16\u6d3b\u52d5 - \u4ea4\u6613", "link": "trade", "startTime": 1638381600, "endTime": 1640973600, "initialRanking": {}, "ranking": [{"uuid": "84f53216-5024-4a02-bd0e-b28f53ea9914", "value": 1290}, {"uuid": "8c38dd37-c6b4-4702-b7fe-37783c497e3b", "value": 212}, {"uuid": "6f18cd7f-94fb-4210-88e5-e784011dbf05", "value": 19}, {"uuid": "5f63f925-addd-4a81-a7cb-9f52b6c93930", "value": 4}, {"uuid": "0422f2c8-eb5f-4305-87f0-44f9563237db", "value": 2}, {"uuid": "00000000-0000-0000-0009-01f7fd7585db", "value": 1}]}