{"name": "2021_mine_diamond_ore", "title": "2021\u5275\u4e16\u6d3b\u52d5 - \u81f4\u5bcc", "link": "mine_diamond_ore", "startTime": 1638381600, "endTime": 1640973600, "initialRanking": {}, "ranking": [{"uuid": "6f18cd7f-94fb-4210-88e5-e784011dbf05", "value": 1475}, {"uuid": "77b790b3-c006-4c97-a5fe-16a81021a6e1", "value": 468}, {"uuid": "a29fbbaf-6e39-4b0a-8de3-75b4eb9486d7", "value": 251}, {"uuid": "0dfceb7c-227a-43dc-bc84-1b0b70821a4c", "value": 137}, {"uuid": "0358b757-8a58-472e-96ff-2ccf97fc8cb8", "value": 122}, {"uuid": "bb1f99ed-a2cd-43b5-ad1c-b9e46cda6dca", "value": 64}, {"uuid": "eee1b063-d998-43c0-93f2-f7c4fad5bf1f", "value": 61}, {"uuid": "27e27ffd-89f0-4634-a6fc-d2f8f0ec7409", "value": 52}, {"uuid": "5f63f925-addd-4a81-a7cb-9f52b6c93930", "value": 44}, {"uuid": "2c6a08a1-4a87-4ff2-8bae-8b632779ea8e", "value": 42}, {"uuid": "30a88053-ca9b-40db-907d-75ef0eef2e11", "value": 38}, {"uuid": "4e7b6e0b-ea31-4ead-bc67-3e5448f380da", "value": 37}, {"uuid": "0422f2c8-eb5f-4305-87f0-44f9563237db", "value": 34}, {"uuid": "3a4b80a2-698c-496a-bb5d-e022c9146e05", "value": 28}, {"uuid": "84f53216-5024-4a02-bd0e-b28f53ea9914", "value": 26}, {"uuid": "301d6fc9-cb98-407e-98da-beb3f0d3b933", "value": 23}, {"uuid": "912d1a82-a69b-4baa-bb34-225cfdb5d523", "value": 22}, {"uuid": "2d5d47b6-f743-4b9e-904f-fe22a718cdfe", "value": 14}, {"uuid": "72cf8ea8-b04e-4f10-8b38-11f3ec784021", "value": 13}, {"uuid": "00000000-0000-0000-0009-01f7fd7585db", "value": 13}, {"uuid": "8c38dd37-c6b4-4702-b7fe-37783c497e3b", "value": 12}, {"uuid": "86147229-c1be-42bd-94af-92148a777572", "value": 11}, {"uuid": "eb498a66-15f5-4060-9c8a-5af4a49572a0", "value": 8}, {"uuid": "00000000-0000-0000-0009-01f6e4ef91e9", "value": 2}, {"uuid": "00000000-0000-0000-0009-01f14deeef63", "value": 2}]}