{"aviate": {"value": 4711, "rank": 5}, "biomes": {"value": 11, "rank": 32}, "break_tools": {"value": 55, "rank": 1}, "breed": {"value": 0}, "climb": {"value": 58699, "rank": 7}, "collect_berries": {"value": 0}, "collect_shroom": {"value": 0}, "craft_armor": {"value": 4, "rank": 28}, "craft_beacon": {"value": 0}, "craft_bookshelf": {"value": 71, "rank": 1}, "craft_bread": {"value": 0}, "craft_bundle": {"value": 0}, "craft_clock": {"value": 0}, "craft_compass": {"value": 0}, "craft_ender_chest": {"value": 0}, "craft_glowstone": {"value": 0}, "craft_mineral_block": {"value": 24, "rank": 12}, "craft_paper": {"value": 0}, "craft_respawn_anchor": {"value": 0}, "craft_sponge": {"value": 0}, "craft_spyglass": {"value": 0}, "craft_sword": {"value": 0}, "craft_tnt": {"value": 0}, "craft_tools": {"value": 70, "rank": 2}, "craft_turtle_helmet": {"value": 0}, "craft_wool": {"value": 0}, "crouch": {"value": 839623, "rank": 1}, "damage_dealt": {"value": 14815, "rank": 17}, "damage_shield": {"value": 0}, "damage_taken": {"value": 34889, "rank": 8}, "death": {"value": 101, "rank": 7}, "dive": {"value": 23007, "rank": 22}, "drink_milk": {"value": 0}, "drop": {"value": 154, "rank": 11}, "eat_cookie": {"value": 0}, "eat_fish": {"value": 0}, "eat_junkfood": {"value": 11, "rank": 12}, "eat_meat": {"value": 36, "rank": 9}, "eat_rawmeat": {"value": 0}, "eat_soup": {"value": 0}, "eat_veggie": {"value": 0}, "enchant": {"value": 0}, "fall": {"value": 604996, "rank": 3}, "harvest_bamboo": {"value": 58, "rank": 6}, "harvest_nether_wart": {"value": 0}, "harvest_sugar": {"value": 29, "rank": 8}, "interact_anvil": {"value": 3, "rank": 15}, "interact_blast_furnace": {"value": 0}, "interact_brewing_stand": {"value": 0}, "interact_campfire": {"value": 0}, "interact_cartography": {"value": 0}, "interact_grindstone": {"value": 2, "rank": 7}, "interact_lectern": {"value": 0}, "interact_loom": {"value": 2, "rank": 1}, "interact_smoker": {"value": 0}, "interact_stonecutter": {"value": 6, "rank": 2}, "jump": {"value": 13917, "rank": 8}, "kill_any": {"value": 78, "rank": 20}, "kill_blaze": {"value": 0}, "kill_creeper": {"value": 7, "rank": 8}, "kill_endermite": {"value": 0}, "kill_ender_dragon": {"value": 0}, "kill_ghast": {"value": 0}, "kill_magma_cube": {"value": 0}, "kill_phantom": {"value": 2, "rank": 7}, "kill_ravager": {"value": 0}, "kill_shulker": {"value": 0}, "kill_silverfish": {"value": 0}, "kill_slime": {"value": 0}, "kill_vex": {"value": 0}, "kill_witch": {"value": 0}, "kill_wither_skeleton": {"value": 0}, "kill_bee": {"value": 0}, "kill_dolphin": {"value": 0}, "kill_enderman": {"value": 0}, "kill_goat": {"value": 2, "rank": 2}, "kill_iron_golem": {"value": 0}, "kill_panda": {"value": 0}, "kill_piglin": {"value": 0}, "kill_polar_bear": {"value": 0}, "kill_snow_golem": {"value": 0}, "kill_zombie_pigman": {"value": 0}, "kill_zombified_piglin": {"value": 1, "rank": 11}, "kill_piglin_brute": {"value": 0}, "kill_axolotl": {"value": 0}, "kill_bat": {"value": 0}, "kill_chicken": {"value": 0}, "kill_cow": {"value": 1, "rank": 25}, "kill_horse": {"value": 0}, "kill_fox": {"value": 0}, "kill_mooshroom": {"value": 0}, "kill_parrot": {"value": 0}, "kill_pig": {"value": 2, "rank": 22}, "kill_rabbit": {"value": 0}, "kill_sheep": {"value": 0}, "kill_strider": {"value": 0}, "kill_turtle": {"value": 0}, "kill_villager": {"value": 0}, "kill_wandering_trader": {"value": 0}, "kill_wolf": {"value": 0}, "kill_ocelot": {"value": 0}, "kill_llama": {"value": 0}, "kill_zombie": {"value": 30, "rank": 16}, "kill_skeleton": {"value": 19, "rank": 12}, "kill_spider": {"value": 9, "rank": 14}, "kill_guardian": {"value": 0}, "kill_illagers": {"value": 3, "rank": 8}, "kill_hoglins": {"value": 0}, "kill_fish": {"value": 0}, "kill_squid": {"value": 0}, "killed_by_creeper": {"value": 5, "rank": 8}, "mine_amethyst": {"value": 0}, "mine_cobweb": {"value": 0}, "mine_coral": {"value": 82, "rank": 1}, "mine_dimensional": {"value": 15, "rank": 24}, "mine_glass": {"value": 27, "rank": 8}, "mine_grass": {"value": 8, "rank": 29}, "mine_ground": {"value": 803, "rank": 9}, "mine_ice": {"value": 2, "rank": 7}, "mine_kelp": {"value": 0}, "mine_nether_foliage": {"value": 0}, "mine_obsidian": {"value": 0}, "mine_ancient_debris": {"value": 0}, "mine_coal_ore": {"value": 74, "rank": 22}, "mine_iron_ore": {"value": 18, "rank": 29}, "mine_copper_ore": {"value": 0}, "mine_diamond_ore": {"value": 0}, "mine_gold_ore": {"value": 0}, "mine_emerald_ore": {"value": 2, "rank": 6}, "mine_lapis_ore": {"value": 0}, "mine_redstone_ore": {"value": 0}, "mine_nether_quartz_ore": {"value": 0}, "mine_pointed_dripstone": {"value": 0}, "mine_snow": {"value": 541, "rank": 1}, "mine_spawner": {"value": 0}, "mine_stone": {"value": 4203, "rank": 4}, "mine_wood": {"value": 1345, "rank": 4}, "noteblock": {"value": 0}, "open_container": {"value": 831, "rank": 9}, "place_banner": {"value": 7, "rank": 3}, "place_bars": {"value": 61, "rank": 1}, "place_cactus": {"value": 0}, "place_candle": {"value": 0}, "place_chorus_flower": {"value": 0}, "place_conveyor": {"value": 1, "rank": 9}, "place_electrics": {"value": 22, "rank": 4}, "place_glass": {"value": 240, "rank": 7}, "place_lantern": {"value": 70, "rank": 2}, "place_lightning_rod": {"value": 0}, "place_lodestone": {"value": 0}, "place_piston": {"value": 0}, "place_rails": {"value": 0}, "place_sapling": {"value": 78, "rank": 3}, "place_scaffolding": {"value": 46, "rank": 3}, "place_sign": {"value": 22, "rank": 4}, "place_stairs": {"value": 592, "rank": 1}, "place_torch": {"value": 27, "rank": 25}, "place_wall": {"value": 134, "rank": 2}, "play": {"value": 2144720, "rank": 6}, "play_record": {"value": 19, "rank": 1}, "pot_flower": {"value": 23, "rank": 1}, "ride_boat": {"value": 0}, "ride_horse": {"value": 20556, "rank": 6}, "ride_minecart": {"value": 0}, "ride_pig": {"value": 0}, "ride_strider": {"value": 0}, "ring_bell": {"value": 25, "rank": 2}, "sleep": {"value": 4, "rank": 14}, "sprint": {"value": 3685590, "rank": 5}, "swim": {"value": 8660, "rank": 25}, "time_since_death": {"value": 1315, "rank": 33}, "time_since_sleep": {"value": 1335, "rank": 33}, "trade": {"value": 0}, "trigger_raid": {"value": 0}, "use_book": {"value": 0}, "use_bow": {"value": 0}, "use_crossbow": {"value": 0}, "use_dirt": {"value": 562, "rank": 8}, "use_egg": {"value": 2, "rank": 6}, "use_ender_eye": {"value": 0}, "use_ender_pearl": {"value": 0}, "use_fireworks": {"value": 0}, "use_flint": {"value": 2, "rank": 14}, "use_hoe": {"value": 174, "rank": 8}, "use_honey_bottle": {"value": 0}, "use_lava_bucket": {"value": 0}, "use_potion": {"value": 0}, "use_shears": {"value": 348, "rank": 4}, "use_snowball": {"value": 27, "rank": 3}, "use_totem": {"value": 0}, "use_water_bucket": {"value": 80, "rank": 9}, "walk": {"value": 7212450, "rank": 3}, "walk_on_water": {"value": 32031, "rank": 22}, "win_raid": {"value": 0}}