{"aviate": {"value": 0}, "biomes": {"value": 24, "rank": 10}, "break_tools": {"value": 15, "rank": 8}, "breed": {"value": 3, "rank": 3}, "climb": {"value": 24244, "rank": 11}, "collect_berries": {"value": 0}, "collect_shroom": {"value": 2, "rank": 9}, "craft_armor": {"value": 11, "rank": 8}, "craft_beacon": {"value": 0}, "craft_bookshelf": {"value": 5, "rank": 9}, "craft_bread": {"value": 0}, "craft_bundle": {"value": 0}, "craft_clock": {"value": 0}, "craft_compass": {"value": 0}, "craft_ender_chest": {"value": 0}, "craft_glowstone": {"value": 0}, "craft_mineral_block": {"value": 150, "rank": 7}, "craft_paper": {"value": 0}, "craft_respawn_anchor": {"value": 0}, "craft_sponge": {"value": 0}, "craft_spyglass": {"value": 0}, "craft_sword": {"value": 2, "rank": 20}, "craft_tnt": {"value": 0}, "craft_tools": {"value": 24, "rank": 12}, "craft_turtle_helmet": {"value": 0}, "craft_wool": {"value": 6, "rank": 4}, "crouch": {"value": 176515, "rank": 7}, "damage_dealt": {"value": 29472, "rank": 14}, "damage_shield": {"value": 6565, "rank": 5}, "damage_taken": {"value": 30626, "rank": 10}, "death": {"value": 91, "rank": 8}, "dive": {"value": 37577, "rank": 17}, "drink_milk": {"value": 0}, "drop": {"value": 94, "rank": 17}, "eat_cookie": {"value": 0}, "eat_fish": {"value": 0}, "eat_junkfood": {"value": 19, "rank": 8}, "eat_meat": {"value": 64, "rank": 3}, "eat_rawmeat": {"value": 18, "rank": 1}, "eat_soup": {"value": 0}, "eat_veggie": {"value": 27, "rank": 21}, "enchant": {"value": 9, "rank": 8}, "fall": {"value": 456812, "rank": 5}, "harvest_bamboo": {"value": 17, "rank": 10}, "harvest_nether_wart": {"value": 0}, "harvest_sugar": {"value": 0}, "interact_anvil": {"value": 6, "rank": 13}, "interact_blast_furnace": {"value": 0}, "interact_brewing_stand": {"value": 1, "rank": 10}, "interact_campfire": {"value": 0}, "interact_cartography": {"value": 0}, "interact_grindstone": {"value": 3, "rank": 5}, "interact_lectern": {"value": 0}, "interact_loom": {"value": 0}, "interact_smoker": {"value": 0}, "interact_stonecutter": {"value": 1, "rank": 9}, "jump": {"value": 11532, "rank": 10}, "kill_any": {"value": 212, "rank": 10}, "kill_blaze": {"value": 8, "rank": 8}, "kill_creeper": {"value": 0}, "kill_endermite": {"value": 0}, "kill_ender_dragon": {"value": 0}, "kill_ghast": {"value": 0}, "kill_magma_cube": {"value": 7, "rank": 7}, "kill_phantom": {"value": 0}, "kill_ravager": {"value": 0}, "kill_shulker": {"value": 0}, "kill_silverfish": {"value": 0}, "kill_slime": {"value": 0}, "kill_vex": {"value": 0}, "kill_witch": {"value": 0}, "kill_wither_skeleton": {"value": 5, "rank": 4}, "kill_bee": {"value": 0}, "kill_dolphin": {"value": 0}, "kill_enderman": {"value": 0}, "kill_goat": {"value": 0}, "kill_iron_golem": {"value": 0}, "kill_panda": {"value": 0}, "kill_piglin": {"value": 1, "rank": 16}, "kill_polar_bear": {"value": 0}, "kill_snow_golem": {"value": 0}, "kill_zombie_pigman": {"value": 0}, "kill_zombified_piglin": {"value": 0}, "kill_piglin_brute": {"value": 0}, "kill_axolotl": {"value": 0}, "kill_bat": {"value": 0}, "kill_chicken": {"value": 17, "rank": 3}, "kill_cow": {"value": 20, "rank": 5}, "kill_horse": {"value": 0}, "kill_fox": {"value": 0}, "kill_mooshroom": {"value": 0}, "kill_parrot": {"value": 0}, "kill_pig": {"value": 9, "rank": 9}, "kill_rabbit": {"value": 0}, "kill_sheep": {"value": 19, "rank": 5}, "kill_strider": {"value": 0}, "kill_turtle": {"value": 0}, "kill_villager": {"value": 0}, "kill_wandering_trader": {"value": 0}, "kill_wolf": {"value": 0}, "kill_ocelot": {"value": 0}, "kill_llama": {"value": 0}, "kill_zombie": {"value": 58, "rank": 9}, "kill_skeleton": {"value": 18, "rank": 13}, "kill_spider": {"value": 13, "rank": 9}, "kill_guardian": {"value": 0}, "kill_illagers": {"value": 0}, "kill_hoglins": {"value": 0}, "kill_fish": {"value": 1, "rank": 8}, "kill_squid": {"value": 0}, "killed_by_creeper": {"value": 7, "rank": 6}, "mine_amethyst": {"value": 1, "rank": 14}, "mine_cobweb": {"value": 0}, "mine_coral": {"value": 0}, "mine_dimensional": {"value": 1477, "rank": 10}, "mine_glass": {"value": 75, "rank": 6}, "mine_grass": {"value": 22, "rank": 22}, "mine_ground": {"value": 611, "rank": 12}, "mine_ice": {"value": 0}, "mine_kelp": {"value": 0}, "mine_nether_foliage": {"value": 4, "rank": 2}, "mine_obsidian": {"value": 0}, "mine_ancient_debris": {"value": 0}, "mine_coal_ore": {"value": 265, "rank": 7}, "mine_iron_ore": {"value": 116, "rank": 10}, "mine_copper_ore": {"value": 0}, "mine_diamond_ore": {"value": 0}, "mine_gold_ore": {"value": 27, "rank": 16}, "mine_emerald_ore": {"value": 1, "rank": 12}, "mine_lapis_ore": {"value": 9, "rank": 18}, "mine_redstone_ore": {"value": 16, "rank": 15}, "mine_nether_quartz_ore": {"value": 557, "rank": 7}, "mine_pointed_dripstone": {"value": 0}, "mine_snow": {"value": 24, "rank": 6}, "mine_spawner": {"value": 0}, "mine_stone": {"value": 1492, "rank": 13}, "mine_wood": {"value": 303, "rank": 8}, "noteblock": {"value": 0}, "open_container": {"value": 267, "rank": 12}, "place_banner": {"value": 0}, "place_bars": {"value": 22, "rank": 3}, "place_cactus": {"value": 0}, "place_candle": {"value": 0}, "place_chorus_flower": {"value": 0}, "place_conveyor": {"value": 0}, "place_electrics": {"value": 10, "rank": 6}, "place_glass": {"value": 297, "rank": 5}, "place_lantern": {"value": 0}, "place_lightning_rod": {"value": 0}, "place_lodestone": {"value": 0}, "place_piston": {"value": 0}, "place_rails": {"value": 0}, "place_sapling": {"value": 4, "rank": 15}, "place_scaffolding": {"value": 4, "rank": 6}, "place_sign": {"value": 20, "rank": 6}, "place_stairs": {"value": 3, "rank": 11}, "place_torch": {"value": 350, "rank": 6}, "place_wall": {"value": 0}, "play": {"value": 1103218, "rank": 12}, "play_record": {"value": 2, "rank": 5}, "pot_flower": {"value": 1, "rank": 2}, "ride_boat": {"value": 11762, "rank": 21}, "ride_horse": {"value": 2073, "rank": 10}, "ride_minecart": {"value": 0}, "ride_pig": {"value": 0}, "ride_strider": {"value": 0}, "ring_bell": {"value": 122, "rank": 1}, "sleep": {"value": 9, "rank": 3}, "sprint": {"value": 1865691, "rank": 8}, "swim": {"value": 39012, "rank": 16}, "time_since_death": {"value": 28111, "rank": 17}, "time_since_sleep": {"value": 28131, "rank": 14}, "trade": {"value": 0}, "trigger_raid": {"value": 0}, "use_book": {"value": 0}, "use_bow": {"value": 0}, "use_crossbow": {"value": 0}, "use_dirt": {"value": 102, "rank": 14}, "use_egg": {"value": 0}, "use_ender_eye": {"value": 0}, "use_ender_pearl": {"value": 11, "rank": 3}, "use_fireworks": {"value": 0}, "use_flint": {"value": 3, "rank": 11}, "use_hoe": {"value": 2, "rank": 16}, "use_honey_bottle": {"value": 0}, "use_lava_bucket": {"value": 0}, "use_potion": {"value": 0}, "use_shears": {"value": 21, "rank": 8}, "use_snowball": {"value": 0}, "use_totem": {"value": 0}, "use_water_bucket": {"value": 0}, "walk": {"value": 3020635, "rank": 10}, "walk_on_water": {"value": 203667, "rank": 5}, "win_raid": {"value": 0}}