{"aviate": {"value": 12304, "rank": 4}, "biomes": {"value": 24, "rank": 11}, "break_tools": {"value": 34, "rank": 3}, "breed": {"value": 14, "rank": 2}, "climb": {"value": 42597, "rank": 8}, "collect_berries": {"value": 270, "rank": 1}, "collect_shroom": {"value": 0}, "craft_armor": {"value": 9, "rank": 11}, "craft_beacon": {"value": 0}, "craft_bookshelf": {"value": 71, "rank": 2}, "craft_bread": {"value": 42, "rank": 7}, "craft_bundle": {"value": 0}, "craft_clock": {"value": 0}, "craft_compass": {"value": 0}, "craft_ender_chest": {"value": 0}, "craft_glowstone": {"value": 0}, "craft_mineral_block": {"value": 368, "rank": 4}, "craft_paper": {"value": 21, "rank": 3}, "craft_respawn_anchor": {"value": 0}, "craft_sponge": {"value": 0}, "craft_spyglass": {"value": 0}, "craft_sword": {"value": 3, "rank": 13}, "craft_tnt": {"value": 0}, "craft_tools": {"value": 57, "rank": 4}, "craft_turtle_helmet": {"value": 0}, "craft_wool": {"value": 18, "rank": 3}, "crouch": {"value": 80330, "rank": 10}, "damage_dealt": {"value": 64291, "rank": 7}, "damage_shield": {"value": 12611, "rank": 2}, "damage_taken": {"value": 44942, "rank": 5}, "death": {"value": 141, "rank": 3}, "dive": {"value": 385068, "rank": 5}, "drink_milk": {"value": 11, "rank": 1}, "drop": {"value": 529, "rank": 4}, "eat_cookie": {"value": 0}, "eat_fish": {"value": 0}, "eat_junkfood": {"value": 0}, "eat_meat": {"value": 50, "rank": 5}, "eat_rawmeat": {"value": 0}, "eat_soup": {"value": 0}, "eat_veggie": {"value": 267, "rank": 6}, "enchant": {"value": 5, "rank": 11}, "fall": {"value": 398202, "rank": 6}, "harvest_bamboo": {"value": 1668, "rank": 3}, "harvest_nether_wart": {"value": 33, "rank": 2}, "harvest_sugar": {"value": 59, "rank": 6}, "interact_anvil": {"value": 17, "rank": 7}, "interact_blast_furnace": {"value": 0}, "interact_brewing_stand": {"value": 1, "rank": 11}, "interact_campfire": {"value": 0}, "interact_cartography": {"value": 2, "rank": 2}, "interact_grindstone": {"value": 0}, "interact_lectern": {"value": 2, "rank": 2}, "interact_loom": {"value": 0}, "interact_smoker": {"value": 0}, "interact_stonecutter": {"value": 4, "rank": 4}, "jump": {"value": 15902, "rank": 5}, "kill_any": {"value": 417, "rank": 7}, "kill_blaze": {"value": 0}, "kill_creeper": {"value": 2, "rank": 17}, "kill_endermite": {"value": 0}, "kill_ender_dragon": {"value": 0}, "kill_ghast": {"value": 0}, "kill_magma_cube": {"value": 0}, "kill_phantom": {"value": 13, "rank": 3}, "kill_ravager": {"value": 0}, "kill_shulker": {"value": 0}, "kill_silverfish": {"value": 12, "rank": 2}, "kill_slime": {"value": 0}, "kill_vex": {"value": 5, "rank": 2}, "kill_witch": {"value": 3, "rank": 2}, "kill_wither_skeleton": {"value": 0}, "kill_bee": {"value": 0}, "kill_dolphin": {"value": 0}, "kill_enderman": {"value": 1, "rank": 13}, "kill_goat": {"value": 1, "rank": 7}, "kill_iron_golem": {"value": 0}, "kill_panda": {"value": 0}, "kill_piglin": {"value": 0}, "kill_polar_bear": {"value": 0}, "kill_snow_golem": {"value": 0}, "kill_zombie_pigman": {"value": 0}, "kill_zombified_piglin": {"value": 14, "rank": 6}, "kill_piglin_brute": {"value": 0}, "kill_axolotl": {"value": 0}, "kill_bat": {"value": 0}, "kill_chicken": {"value": 57, "rank": 1}, "kill_cow": {"value": 27, "rank": 2}, "kill_horse": {"value": 0}, "kill_fox": {"value": 0}, "kill_mooshroom": {"value": 0}, "kill_parrot": {"value": 0}, "kill_pig": {"value": 3, "rank": 18}, "kill_rabbit": {"value": 0}, "kill_sheep": {"value": 20, "rank": 4}, "kill_strider": {"value": 0}, "kill_turtle": {"value": 0}, "kill_villager": {"value": 0}, "kill_wandering_trader": {"value": 2, "rank": 1}, "kill_wolf": {"value": 2, "rank": 1}, "kill_ocelot": {"value": 0}, "kill_llama": {"value": 5, "rank": 1}, "kill_zombie": {"value": 153, "rank": 3}, "kill_skeleton": {"value": 36, "rank": 4}, "kill_spider": {"value": 24, "rank": 4}, "kill_guardian": {"value": 0}, "kill_illagers": {"value": 8, "rank": 3}, "kill_hoglins": {"value": 0}, "kill_fish": {"value": 1, "rank": 9}, "kill_squid": {"value": 24, "rank": 1}, "killed_by_creeper": {"value": 13, "rank": 2}, "mine_amethyst": {"value": 0}, "mine_cobweb": {"value": 21, "rank": 3}, "mine_coral": {"value": 0}, "mine_dimensional": {"value": 268, "rank": 15}, "mine_glass": {"value": 184, "rank": 1}, "mine_grass": {"value": 393, "rank": 3}, "mine_ground": {"value": 4397, "rank": 2}, "mine_ice": {"value": 10, "rank": 5}, "mine_kelp": {"value": 0}, "mine_nether_foliage": {"value": 0}, "mine_obsidian": {"value": 26, "rank": 4}, "mine_ancient_debris": {"value": 0}, "mine_coal_ore": {"value": 92, "rank": 18}, "mine_iron_ore": {"value": 153, "rank": 5}, "mine_copper_ore": {"value": 30, "rank": 12}, "mine_diamond_ore": {"value": 2, "rank": 25}, "mine_gold_ore": {"value": 50, "rank": 9}, "mine_emerald_ore": {"value": 11, "rank": 2}, "mine_lapis_ore": {"value": 14, "rank": 13}, "mine_redstone_ore": {"value": 10, "rank": 19}, "mine_nether_quartz_ore": {"value": 22, "rank": 15}, "mine_pointed_dripstone": {"value": 2, "rank": 7}, "mine_snow": {"value": 46, "rank": 4}, "mine_spawner": {"value": 0}, "mine_stone": {"value": 4474, "rank": 3}, "mine_wood": {"value": 2142, "rank": 3}, "noteblock": {"value": 0}, "open_container": {"value": 2107, "rank": 2}, "place_banner": {"value": 27, "rank": 1}, "place_bars": {"value": 22, "rank": 4}, "place_cactus": {"value": 0}, "place_candle": {"value": 0}, "place_chorus_flower": {"value": 0}, "place_conveyor": {"value": 8, "rank": 3}, "place_electrics": {"value": 13, "rank": 5}, "place_glass": {"value": 735, "rank": 2}, "place_lantern": {"value": 107, "rank": 1}, "place_lightning_rod": {"value": 2, "rank": 2}, "place_lodestone": {"value": 0}, "place_piston": {"value": 0}, "place_rails": {"value": 7, "rank": 5}, "place_sapling": {"value": 193, "rank": 1}, "place_scaffolding": {"value": 10, "rank": 4}, "place_sign": {"value": 108, "rank": 1}, "place_stairs": {"value": 324, "rank": 2}, "place_torch": {"value": 143, "rank": 14}, "place_wall": {"value": 15, "rank": 4}, "play": {"value": 2610962, "rank": 2}, "play_record": {"value": 5, "rank": 4}, "pot_flower": {"value": 1, "rank": 3}, "ride_boat": {"value": 1129104, "rank": 8}, "ride_horse": {"value": 186464, "rank": 2}, "ride_minecart": {"value": 0}, "ride_pig": {"value": 0}, "ride_strider": {"value": 0}, "ring_bell": {"value": 0}, "sleep": {"value": 4, "rank": 16}, "sprint": {"value": 4837133, "rank": 2}, "swim": {"value": 38226, "rank": 18}, "time_since_death": {"value": 19230, "rank": 20}, "time_since_sleep": {"value": 19252, "rank": 18}, "trade": {"value": 0}, "trigger_raid": {"value": 0}, "use_book": {"value": 1, "rank": 2}, "use_bow": {"value": 58, "rank": 5}, "use_crossbow": {"value": 0}, "use_dirt": {"value": 2110, "rank": 1}, "use_egg": {"value": 45, "rank": 3}, "use_ender_eye": {"value": 9, "rank": 2}, "use_ender_pearl": {"value": 0}, "use_fireworks": {"value": 0}, "use_flint": {"value": 0}, "use_hoe": {"value": 0}, "use_honey_bottle": {"value": 0}, "use_lava_bucket": {"value": 2, "rank": 13}, "use_potion": {"value": 0}, "use_shears": {"value": 397, "rank": 3}, "use_snowball": {"value": 16, "rank": 4}, "use_totem": {"value": 0}, "use_water_bucket": {"value": 474, "rank": 2}, "walk": {"value": 12108313, "rank": 1}, "walk_on_water": {"value": 470719, "rank": 3}, "win_raid": {"value": 1, "rank": 2}}