{"aviate": {"value": 0}, "biomes": {"value": 23, "rank": 13}, "break_tools": {"value": 18, "rank": 6}, "breed": {"value": 1, "rank": 7}, "climb": {"value": 33487, "rank": 10}, "collect_berries": {"value": 1, "rank": 14}, "collect_shroom": {"value": 0}, "craft_armor": {"value": 4, "rank": 26}, "craft_beacon": {"value": 0}, "craft_bookshelf": {"value": 0}, "craft_bread": {"value": 129, "rank": 3}, "craft_bundle": {"value": 0}, "craft_clock": {"value": 0}, "craft_compass": {"value": 0}, "craft_ender_chest": {"value": 0}, "craft_glowstone": {"value": 0}, "craft_mineral_block": {"value": 106, "rank": 9}, "craft_paper": {"value": 0}, "craft_respawn_anchor": {"value": 0}, "craft_sponge": {"value": 0}, "craft_spyglass": {"value": 1, "rank": 4}, "craft_sword": {"value": 3, "rank": 9}, "craft_tnt": {"value": 0}, "craft_tools": {"value": 29, "rank": 11}, "craft_turtle_helmet": {"value": 0}, "craft_wool": {"value": 0}, "crouch": {"value": 79110, "rank": 11}, "damage_dealt": {"value": 21223, "rank": 15}, "damage_shield": {"value": 4262, "rank": 8}, "damage_taken": {"value": 23958, "rank": 11}, "death": {"value": 65, "rank": 11}, "dive": {"value": 48118, "rank": 14}, "drink_milk": {"value": 0}, "drop": {"value": 99, "rank": 15}, "eat_cookie": {"value": 0}, "eat_fish": {"value": 0}, "eat_junkfood": {"value": 0}, "eat_meat": {"value": 7, "rank": 21}, "eat_rawmeat": {"value": 0}, "eat_soup": {"value": 0}, "eat_veggie": {"value": 130, "rank": 8}, "enchant": {"value": 0}, "fall": {"value": 152548, "rank": 18}, "harvest_bamboo": {"value": 17, "rank": 9}, "harvest_nether_wart": {"value": 0}, "harvest_sugar": {"value": 0}, "interact_anvil": {"value": 9, "rank": 11}, "interact_blast_furnace": {"value": 0}, "interact_brewing_stand": {"value": 0}, "interact_campfire": {"value": 0}, "interact_cartography": {"value": 0}, "interact_grindstone": {"value": 2, "rank": 6}, "interact_lectern": {"value": 0}, "interact_loom": {"value": 0}, "interact_smoker": {"value": 0}, "interact_stonecutter": {"value": 0}, "jump": {"value": 6785, "rank": 14}, "kill_any": {"value": 92, "rank": 17}, "kill_blaze": {"value": 0}, "kill_creeper": {"value": 1, "rank": 22}, "kill_endermite": {"value": 0}, "kill_ender_dragon": {"value": 0}, "kill_ghast": {"value": 0}, "kill_magma_cube": {"value": 0}, "kill_phantom": {"value": 0}, "kill_ravager": {"value": 0}, "kill_shulker": {"value": 0}, "kill_silverfish": {"value": 0}, "kill_slime": {"value": 0}, "kill_vex": {"value": 0}, "kill_witch": {"value": 0}, "kill_wither_skeleton": {"value": 0}, "kill_bee": {"value": 0}, "kill_dolphin": {"value": 0}, "kill_enderman": {"value": 0}, "kill_goat": {"value": 0}, "kill_iron_golem": {"value": 1, "rank": 8}, "kill_panda": {"value": 0}, "kill_piglin": {"value": 1, "rank": 15}, "kill_polar_bear": {"value": 0}, "kill_snow_golem": {"value": 0}, "kill_zombie_pigman": {"value": 0}, "kill_zombified_piglin": {"value": 0}, "kill_piglin_brute": {"value": 0}, "kill_axolotl": {"value": 1, "rank": 2}, "kill_bat": {"value": 0}, "kill_chicken": {"value": 0}, "kill_cow": {"value": 0}, "kill_horse": {"value": 0}, "kill_fox": {"value": 0}, "kill_mooshroom": {"value": 0}, "kill_parrot": {"value": 0}, "kill_pig": {"value": 0}, "kill_rabbit": {"value": 0}, "kill_sheep": {"value": 6, "rank": 13}, "kill_strider": {"value": 0}, "kill_turtle": {"value": 0}, "kill_villager": {"value": 0}, "kill_wandering_trader": {"value": 0}, "kill_wolf": {"value": 0}, "kill_ocelot": {"value": 0}, "kill_llama": {"value": 0}, "kill_zombie": {"value": 42, "rank": 13}, "kill_skeleton": {"value": 21, "rank": 11}, "kill_spider": {"value": 18, "rank": 8}, "kill_guardian": {"value": 0}, "kill_illagers": {"value": 0}, "kill_hoglins": {"value": 0}, "kill_fish": {"value": 0}, "kill_squid": {"value": 0}, "killed_by_creeper": {"value": 4, "rank": 12}, "mine_amethyst": {"value": 1, "rank": 12}, "mine_cobweb": {"value": 32, "rank": 2}, "mine_coral": {"value": 0}, "mine_dimensional": {"value": 0}, "mine_glass": {"value": 0}, "mine_grass": {"value": 12, "rank": 26}, "mine_ground": {"value": 82, "rank": 24}, "mine_ice": {"value": 0}, "mine_kelp": {"value": 0}, "mine_nether_foliage": {"value": 0}, "mine_obsidian": {"value": 0}, "mine_ancient_debris": {"value": 0}, "mine_coal_ore": {"value": 374, "rank": 3}, "mine_iron_ore": {"value": 68, "rank": 21}, "mine_copper_ore": {"value": 120, "rank": 7}, "mine_diamond_ore": {"value": 13, "rank": 20}, "mine_gold_ore": {"value": 29, "rank": 15}, "mine_emerald_ore": {"value": 0}, "mine_lapis_ore": {"value": 6, "rank": 24}, "mine_redstone_ore": {"value": 82, "rank": 5}, "mine_nether_quartz_ore": {"value": 0}, "mine_pointed_dripstone": {"value": 0}, "mine_snow": {"value": 0}, "mine_spawner": {"value": 1, "rank": 11}, "mine_stone": {"value": 1346, "rank": 16}, "mine_wood": {"value": 174, "rank": 12}, "noteblock": {"value": 0}, "open_container": {"value": 195, "rank": 13}, "place_banner": {"value": 0}, "place_bars": {"value": 0}, "place_cactus": {"value": 0}, "place_candle": {"value": 0}, "place_chorus_flower": {"value": 0}, "place_conveyor": {"value": 0}, "place_electrics": {"value": 0}, "place_glass": {"value": 0}, "place_lantern": {"value": 0}, "place_lightning_rod": {"value": 4, "rank": 1}, "place_lodestone": {"value": 0}, "place_piston": {"value": 0}, "place_rails": {"value": 1, "rank": 7}, "place_sapling": {"value": 16, "rank": 6}, "place_scaffolding": {"value": 0}, "place_sign": {"value": 0}, "place_stairs": {"value": 0}, "place_torch": {"value": 288, "rank": 7}, "place_wall": {"value": 0}, "play": {"value": 743353, "rank": 14}, "play_record": {"value": 0}, "pot_flower": {"value": 0}, "ride_boat": {"value": 0}, "ride_horse": {"value": 53196, "rank": 3}, "ride_minecart": {"value": 0}, "ride_pig": {"value": 0}, "ride_strider": {"value": 0}, "ring_bell": {"value": 0}, "sleep": {"value": 8, "rank": 6}, "sprint": {"value": 1818477, "rank": 9}, "swim": {"value": 128664, "rank": 9}, "time_since_death": {"value": 390, "rank": 36}, "time_since_sleep": {"value": 410, "rank": 36}, "trade": {"value": 1, "rank": 6}, "trigger_raid": {"value": 0}, "use_book": {"value": 0}, "use_bow": {"value": 1, "rank": 8}, "use_crossbow": {"value": 0}, "use_dirt": {"value": 97, "rank": 15}, "use_egg": {"value": 0}, "use_ender_eye": {"value": 0}, "use_ender_pearl": {"value": 0}, "use_fireworks": {"value": 0}, "use_flint": {"value": 0}, "use_hoe": {"value": 0}, "use_honey_bottle": {"value": 0}, "use_lava_bucket": {"value": 25, "rank": 2}, "use_potion": {"value": 0}, "use_shears": {"value": 0}, "use_snowball": {"value": 0}, "use_totem": {"value": 0}, "use_water_bucket": {"value": 35, "rank": 12}, "walk": {"value": 1857465, "rank": 12}, "walk_on_water": {"value": 177705, "rank": 6}, "win_raid": {"value": 0}}