{"aviate": {"value": 0}, "biomes": {"value": 20, "rank": 17}, "break_tools": {"value": 1, "rank": 31}, "breed": {"value": 0}, "climb": {"value": 4026, "rank": 20}, "collect_berries": {"value": 0}, "collect_shroom": {"value": 0}, "craft_armor": {"value": 8, "rank": 13}, "craft_beacon": {"value": 0}, "craft_bookshelf": {"value": 0}, "craft_bread": {"value": 4, "rank": 18}, "craft_bundle": {"value": 0}, "craft_clock": {"value": 0}, "craft_compass": {"value": 0}, "craft_ender_chest": {"value": 0}, "craft_glowstone": {"value": 0}, "craft_mineral_block": {"value": 0}, "craft_paper": {"value": 0}, "craft_respawn_anchor": {"value": 0}, "craft_sponge": {"value": 0}, "craft_spyglass": {"value": 0}, "craft_sword": {"value": 1, "rank": 30}, "craft_tnt": {"value": 0}, "craft_tools": {"value": 11, "rank": 20}, "craft_turtle_helmet": {"value": 0}, "craft_wool": {"value": 0}, "crouch": {"value": 25022, "rank": 21}, "damage_dealt": {"value": 12298, "rank": 19}, "damage_shield": {"value": 0}, "damage_taken": {"value": 10647, "rank": 18}, "death": {"value": 23, "rank": 20}, "dive": {"value": 23197, "rank": 21}, "drink_milk": {"value": 0}, "drop": {"value": 93, "rank": 18}, "eat_cookie": {"value": 0}, "eat_fish": {"value": 2, "rank": 9}, "eat_junkfood": {"value": 0}, "eat_meat": {"value": 49, "rank": 6}, "eat_rawmeat": {"value": 0}, "eat_soup": {"value": 0}, "eat_veggie": {"value": 15, "rank": 23}, "enchant": {"value": 2, "rank": 15}, "fall": {"value": 209614, "rank": 14}, "harvest_bamboo": {"value": 0}, "harvest_nether_wart": {"value": 0}, "harvest_sugar": {"value": 0}, "interact_anvil": {"value": 0}, "interact_blast_furnace": {"value": 2, "rank": 4}, "interact_brewing_stand": {"value": 0}, "interact_campfire": {"value": 0}, "interact_cartography": {"value": 0}, "interact_grindstone": {"value": 0}, "interact_lectern": {"value": 0}, "interact_loom": {"value": 0}, "interact_smoker": {"value": 18, "rank": 2}, "interact_stonecutter": {"value": 0}, "jump": {"value": 5476, "rank": 16}, "kill_any": {"value": 86, "rank": 18}, "kill_blaze": {"value": 1, "rank": 10}, "kill_creeper": {"value": 3, "rank": 12}, "kill_endermite": {"value": 0}, "kill_ender_dragon": {"value": 0}, "kill_ghast": {"value": 2, "rank": 3}, "kill_magma_cube": {"value": 0}, "kill_phantom": {"value": 0}, "kill_ravager": {"value": 0}, "kill_shulker": {"value": 0}, "kill_silverfish": {"value": 0}, "kill_slime": {"value": 0}, "kill_vex": {"value": 0}, "kill_witch": {"value": 0}, "kill_wither_skeleton": {"value": 0}, "kill_bee": {"value": 0}, "kill_dolphin": {"value": 0}, "kill_enderman": {"value": 1, "rank": 12}, "kill_goat": {"value": 0}, "kill_iron_golem": {"value": 0}, "kill_panda": {"value": 0}, "kill_piglin": {"value": 4, "rank": 9}, "kill_polar_bear": {"value": 0}, "kill_snow_golem": {"value": 0}, "kill_zombie_pigman": {"value": 0}, "kill_zombified_piglin": {"value": 10, "rank": 7}, "kill_piglin_brute": {"value": 0}, "kill_axolotl": {"value": 0}, "kill_bat": {"value": 1, "rank": 6}, "kill_chicken": {"value": 1, "rank": 24}, "kill_cow": {"value": 19, "rank": 6}, "kill_horse": {"value": 0}, "kill_fox": {"value": 0}, "kill_mooshroom": {"value": 0}, "kill_parrot": {"value": 0}, "kill_pig": {"value": 21, "rank": 4}, "kill_rabbit": {"value": 0}, "kill_sheep": {"value": 0}, "kill_strider": {"value": 0}, "kill_turtle": {"value": 0}, "kill_villager": {"value": 0}, "kill_wandering_trader": {"value": 0}, "kill_wolf": {"value": 0}, "kill_ocelot": {"value": 0}, "kill_llama": {"value": 0}, "kill_zombie": {"value": 15, "rank": 24}, "kill_skeleton": {"value": 3, "rank": 31}, "kill_spider": {"value": 2, "rank": 28}, "kill_guardian": {"value": 0}, "kill_illagers": {"value": 0}, "kill_hoglins": {"value": 0}, "kill_fish": {"value": 2, "rank": 5}, "kill_squid": {"value": 0}, "killed_by_creeper": {"value": 0}, "mine_amethyst": {"value": 0}, "mine_cobweb": {"value": 0}, "mine_coral": {"value": 0}, "mine_dimensional": {"value": 1160, "rank": 11}, "mine_glass": {"value": 0}, "mine_grass": {"value": 127, "rank": 12}, "mine_ground": {"value": 248, "rank": 18}, "mine_ice": {"value": 0}, "mine_kelp": {"value": 0}, "mine_nether_foliage": {"value": 0}, "mine_obsidian": {"value": 12, "rank": 8}, "mine_ancient_debris": {"value": 26, "rank": 4}, "mine_coal_ore": {"value": 40, "rank": 27}, "mine_iron_ore": {"value": 10, "rank": 33}, "mine_copper_ore": {"value": 2, "rank": 31}, "mine_diamond_ore": {"value": 122, "rank": 5}, "mine_gold_ore": {"value": 93, "rank": 7}, "mine_emerald_ore": {"value": 0}, "mine_lapis_ore": {"value": 8, "rank": 21}, "mine_redstone_ore": {"value": 0}, "mine_nether_quartz_ore": {"value": 72, "rank": 11}, "mine_pointed_dripstone": {"value": 0}, "mine_snow": {"value": 0}, "mine_spawner": {"value": 1, "rank": 10}, "mine_stone": {"value": 1364, "rank": 15}, "mine_wood": {"value": 88, "rank": 18}, "noteblock": {"value": 0}, "open_container": {"value": 31, "rank": 23}, "place_banner": {"value": 0}, "place_bars": {"value": 0}, "place_cactus": {"value": 0}, "place_candle": {"value": 0}, "place_chorus_flower": {"value": 0}, "place_conveyor": {"value": 0}, "place_electrics": {"value": 0}, "place_glass": {"value": 0}, "place_lantern": {"value": 0}, "place_lightning_rod": {"value": 0}, "place_lodestone": {"value": 0}, "place_piston": {"value": 0}, "place_rails": {"value": 0}, "place_sapling": {"value": 1, "rank": 21}, "place_scaffolding": {"value": 0}, "place_sign": {"value": 0}, "place_stairs": {"value": 0}, "place_torch": {"value": 1, "rank": 32}, "place_wall": {"value": 0}, "play": {"value": 339427, "rank": 19}, "play_record": {"value": 0}, "pot_flower": {"value": 0}, "ride_boat": {"value": 0}, "ride_horse": {"value": 0}, "ride_minecart": {"value": 0}, "ride_pig": {"value": 0}, "ride_strider": {"value": 0}, "ring_bell": {"value": 0}, "sleep": {"value": 0}, "sprint": {"value": 527448, "rank": 19}, "swim": {"value": 50949, "rank": 14}, "time_since_death": {"value": 79832, "rank": 9}, "time_since_sleep": {"value": 79840, "rank": 6}, "trade": {"value": 0}, "trigger_raid": {"value": 0}, "use_book": {"value": 0}, "use_bow": {"value": 0}, "use_crossbow": {"value": 0}, "use_dirt": {"value": 1, "rank": 39}, "use_egg": {"value": 0}, "use_ender_eye": {"value": 0}, "use_ender_pearl": {"value": 0}, "use_fireworks": {"value": 0}, "use_flint": {"value": 2, "rank": 13}, "use_hoe": {"value": 84, "rank": 11}, "use_honey_bottle": {"value": 0}, "use_lava_bucket": {"value": 15, "rank": 3}, "use_potion": {"value": 0}, "use_shears": {"value": 0}, "use_snowball": {"value": 0}, "use_totem": {"value": 0}, "use_water_bucket": {"value": 4, "rank": 27}, "walk": {"value": 480414, "rank": 25}, "walk_on_water": {"value": 16722, "rank": 28}, "win_raid": {"value": 0}}