{"aviate": {"value": 0}, "biomes": {"value": 38, "rank": 1}, "break_tools": {"value": 34, "rank": 2}, "breed": {"value": 0}, "climb": {"value": 86923, "rank": 5}, "collect_berries": {"value": 0}, "collect_shroom": {"value": 67, "rank": 2}, "craft_armor": {"value": 9, "rank": 10}, "craft_beacon": {"value": 0}, "craft_bookshelf": {"value": 0}, "craft_bread": {"value": 0}, "craft_bundle": {"value": 0}, "craft_clock": {"value": 0}, "craft_compass": {"value": 0}, "craft_ender_chest": {"value": 0}, "craft_glowstone": {"value": 0}, "craft_mineral_block": {"value": 0}, "craft_paper": {"value": 6, "rank": 5}, "craft_respawn_anchor": {"value": 0}, "craft_sponge": {"value": 0}, "craft_spyglass": {"value": 0}, "craft_sword": {"value": 2, "rank": 17}, "craft_tnt": {"value": 0}, "craft_tools": {"value": 54, "rank": 5}, "craft_turtle_helmet": {"value": 0}, "craft_wool": {"value": 0}, "crouch": {"value": 32181, "rank": 17}, "damage_dealt": {"value": 71080, "rank": 6}, "damage_shield": {"value": 6378, "rank": 6}, "damage_taken": {"value": 83038, "rank": 1}, "death": {"value": 280, "rank": 1}, "dive": {"value": 479321, "rank": 2}, "drink_milk": {"value": 0}, "drop": {"value": 682, "rank": 3}, "eat_cookie": {"value": 0}, "eat_fish": {"value": 0}, "eat_junkfood": {"value": 0}, "eat_meat": {"value": 42, "rank": 8}, "eat_rawmeat": {"value": 1, "rank": 12}, "eat_soup": {"value": 0}, "eat_veggie": {"value": 2059, "rank": 1}, "enchant": {"value": 9, "rank": 7}, "fall": {"value": 340068, "rank": 8}, "harvest_bamboo": {"value": 35, "rank": 7}, "harvest_nether_wart": {"value": 0}, "harvest_sugar": {"value": 161, "rank": 3}, "interact_anvil": {"value": 25, "rank": 4}, "interact_blast_furnace": {"value": 0}, "interact_brewing_stand": {"value": 2, "rank": 6}, "interact_campfire": {"value": 0}, "interact_cartography": {"value": 1, "rank": 4}, "interact_grindstone": {"value": 0}, "interact_lectern": {"value": 0}, "interact_loom": {"value": 0}, "interact_smoker": {"value": 0}, "interact_stonecutter": {"value": 0}, "jump": {"value": 15866, "rank": 6}, "kill_any": {"value": 485, "rank": 6}, "kill_blaze": {"value": 10, "rank": 7}, "kill_creeper": {"value": 2, "rank": 16}, "kill_endermite": {"value": 0}, "kill_ender_dragon": {"value": 0}, "kill_ghast": {"value": 0}, "kill_magma_cube": {"value": 11, "rank": 6}, "kill_phantom": {"value": 0}, "kill_ravager": {"value": 0}, "kill_shulker": {"value": 0}, "kill_silverfish": {"value": 0}, "kill_slime": {"value": 125, "rank": 1}, "kill_vex": {"value": 0}, "kill_witch": {"value": 1, "rank": 10}, "kill_wither_skeleton": {"value": 2, "rank": 8}, "kill_bee": {"value": 0}, "kill_dolphin": {"value": 0}, "kill_enderman": {"value": 0}, "kill_goat": {"value": 0}, "kill_iron_golem": {"value": 0}, "kill_panda": {"value": 0}, "kill_piglin": {"value": 6, "rank": 7}, "kill_polar_bear": {"value": 3, "rank": 1}, "kill_snow_golem": {"value": 0}, "kill_zombie_pigman": {"value": 0}, "kill_zombified_piglin": {"value": 71, "rank": 4}, "kill_piglin_brute": {"value": 0}, "kill_axolotl": {"value": 0}, "kill_bat": {"value": 0}, "kill_chicken": {"value": 10, "rank": 4}, "kill_cow": {"value": 26, "rank": 3}, "kill_horse": {"value": 1, "rank": 3}, "kill_fox": {"value": 0}, "kill_mooshroom": {"value": 0}, "kill_parrot": {"value": 1, "rank": 3}, "kill_pig": {"value": 23, "rank": 3}, "kill_rabbit": {"value": 1, "rank": 2}, "kill_sheep": {"value": 16, "rank": 6}, "kill_strider": {"value": 0}, "kill_turtle": {"value": 0}, "kill_villager": {"value": 1, "rank": 5}, "kill_wandering_trader": {"value": 0}, "kill_wolf": {"value": 0}, "kill_ocelot": {"value": 1, "rank": 1}, "kill_llama": {"value": 0}, "kill_zombie": {"value": 97, "rank": 5}, "kill_skeleton": {"value": 21, "rank": 10}, "kill_spider": {"value": 23, "rank": 5}, "kill_guardian": {"value": 4, "rank": 4}, "kill_illagers": {"value": 4, "rank": 5}, "kill_hoglins": {"value": 0}, "kill_fish": {"value": 0}, "kill_squid": {"value": 4, "rank": 6}, "killed_by_creeper": {"value": 13, "rank": 1}, "mine_amethyst": {"value": 3, "rank": 6}, "mine_cobweb": {"value": 0}, "mine_coral": {"value": 0}, "mine_dimensional": {"value": 8663, "rank": 2}, "mine_glass": {"value": 0}, "mine_grass": {"value": 423, "rank": 2}, "mine_ground": {"value": 1292, "rank": 6}, "mine_ice": {"value": 333, "rank": 3}, "mine_kelp": {"value": 0}, "mine_nether_foliage": {"value": 2, "rank": 5}, "mine_obsidian": {"value": 2, "rank": 12}, "mine_ancient_debris": {"value": 2, "rank": 11}, "mine_coal_ore": {"value": 459, "rank": 1}, "mine_iron_ore": {"value": 312, "rank": 3}, "mine_copper_ore": {"value": 138, "rank": 5}, "mine_diamond_ore": {"value": 34, "rank": 13}, "mine_gold_ore": {"value": 97, "rank": 6}, "mine_emerald_ore": {"value": 8, "rank": 3}, "mine_lapis_ore": {"value": 27, "rank": 4}, "mine_redstone_ore": {"value": 236, "rank": 3}, "mine_nether_quartz_ore": {"value": 783, "rank": 5}, "mine_pointed_dripstone": {"value": 0}, "mine_snow": {"value": 7, "rank": 9}, "mine_spawner": {"value": 2, "rank": 4}, "mine_stone": {"value": 8560, "rank": 2}, "mine_wood": {"value": 2987, "rank": 2}, "noteblock": {"value": 0}, "open_container": {"value": 1278, "rank": 5}, "place_banner": {"value": 0}, "place_bars": {"value": 0}, "place_cactus": {"value": 0}, "place_candle": {"value": 0}, "place_chorus_flower": {"value": 0}, "place_conveyor": {"value": 6, "rank": 5}, "place_electrics": {"value": 7, "rank": 9}, "place_glass": {"value": 0}, "place_lantern": {"value": 0}, "place_lightning_rod": {"value": 0}, "place_lodestone": {"value": 0}, "place_piston": {"value": 0}, "place_rails": {"value": 0}, "place_sapling": {"value": 0}, "place_scaffolding": {"value": 0}, "place_sign": {"value": 15, "rank": 7}, "place_stairs": {"value": 0}, "place_torch": {"value": 941, "rank": 3}, "place_wall": {"value": 0}, "play": {"value": 2158701, "rank": 5}, "play_record": {"value": 0}, "pot_flower": {"value": 0}, "ride_boat": {"value": 1365368, "rank": 6}, "ride_horse": {"value": 0}, "ride_minecart": {"value": 0}, "ride_pig": {"value": 0}, "ride_strider": {"value": 0}, "ring_bell": {"value": 1, "rank": 9}, "sleep": {"value": 8, "rank": 5}, "sprint": {"value": 3458919, "rank": 6}, "swim": {"value": 744034, "rank": 3}, "time_since_death": {"value": 0}, "time_since_sleep": {"value": 1, "rank": 42}, "trade": {"value": 2, "rank": 5}, "trigger_raid": {"value": 0}, "use_book": {"value": 0}, "use_bow": {"value": 0}, "use_crossbow": {"value": 0}, "use_dirt": {"value": 603, "rank": 6}, "use_egg": {"value": 0}, "use_ender_eye": {"value": 0}, "use_ender_pearl": {"value": 0}, "use_fireworks": {"value": 0}, "use_flint": {"value": 25, "rank": 4}, "use_hoe": {"value": 3143, "rank": 1}, "use_honey_bottle": {"value": 0}, "use_lava_bucket": {"value": 5, "rank": 12}, "use_potion": {"value": 0}, "use_shears": {"value": 1, "rank": 11}, "use_snowball": {"value": 0}, "use_totem": {"value": 0}, "use_water_bucket": {"value": 184, "rank": 3}, "walk": {"value": 5973627, "rank": 5}, "walk_on_water": {"value": 408917, "rank": 4}, "win_raid": {"value": 0}}