{"aviate": {"value": 0}, "biomes": {"value": 27, "rank": 7}, "break_tools": {"value": 11, "rank": 13}, "breed": {"value": 0}, "climb": {"value": 5166, "rank": 14}, "collect_berries": {"value": 0}, "collect_shroom": {"value": 0}, "craft_armor": {"value": 0}, "craft_beacon": {"value": 0}, "craft_bookshelf": {"value": 0}, "craft_bread": {"value": 0}, "craft_bundle": {"value": 0}, "craft_clock": {"value": 0}, "craft_compass": {"value": 0}, "craft_ender_chest": {"value": 0}, "craft_glowstone": {"value": 0}, "craft_mineral_block": {"value": 0}, "craft_paper": {"value": 0}, "craft_respawn_anchor": {"value": 0}, "craft_sponge": {"value": 0}, "craft_spyglass": {"value": 0}, "craft_sword": {"value": 0}, "craft_tnt": {"value": 0}, "craft_tools": {"value": 13, "rank": 18}, "craft_turtle_helmet": {"value": 0}, "craft_wool": {"value": 0}, "crouch": {"value": 66356, "rank": 14}, "damage_dealt": {"value": 9077, "rank": 24}, "damage_shield": {"value": 0}, "damage_taken": {"value": 11372, "rank": 17}, "death": {"value": 30, "rank": 17}, "dive": {"value": 144648, "rank": 7}, "drink_milk": {"value": 0}, "drop": {"value": 39, "rank": 24}, "eat_cookie": {"value": 0}, "eat_fish": {"value": 0}, "eat_junkfood": {"value": 9, "rank": 13}, "eat_meat": {"value": 0}, "eat_rawmeat": {"value": 0}, "eat_soup": {"value": 0}, "eat_veggie": {"value": 34, "rank": 18}, "enchant": {"value": 0}, "fall": {"value": 226311, "rank": 13}, "harvest_bamboo": {"value": 19, "rank": 8}, "harvest_nether_wart": {"value": 0}, "harvest_sugar": {"value": 2, "rank": 20}, "interact_anvil": {"value": 0}, "interact_blast_furnace": {"value": 1, "rank": 7}, "interact_brewing_stand": {"value": 2, "rank": 5}, "interact_campfire": {"value": 0}, "interact_cartography": {"value": 0}, "interact_grindstone": {"value": 0}, "interact_lectern": {"value": 0}, "interact_loom": {"value": 0}, "interact_smoker": {"value": 0}, "interact_stonecutter": {"value": 0}, "jump": {"value": 5804, "rank": 15}, "kill_any": {"value": 70, "rank": 21}, "kill_blaze": {"value": 0}, "kill_creeper": {"value": 1, "rank": 20}, "kill_endermite": {"value": 0}, "kill_ender_dragon": {"value": 0}, "kill_ghast": {"value": 0}, "kill_magma_cube": {"value": 0}, "kill_phantom": {"value": 0}, "kill_ravager": {"value": 0}, "kill_shulker": {"value": 0}, "kill_silverfish": {"value": 0}, "kill_slime": {"value": 13, "rank": 6}, "kill_vex": {"value": 0}, "kill_witch": {"value": 0}, "kill_wither_skeleton": {"value": 0}, "kill_bee": {"value": 0}, "kill_dolphin": {"value": 0}, "kill_enderman": {"value": 0}, "kill_goat": {"value": 0}, "kill_iron_golem": {"value": 0}, "kill_panda": {"value": 0}, "kill_piglin": {"value": 0}, "kill_polar_bear": {"value": 0}, "kill_snow_golem": {"value": 0}, "kill_zombie_pigman": {"value": 0}, "kill_zombified_piglin": {"value": 0}, "kill_piglin_brute": {"value": 0}, "kill_axolotl": {"value": 0}, "kill_bat": {"value": 0}, "kill_chicken": {"value": 0}, "kill_cow": {"value": 6, "rank": 12}, "kill_horse": {"value": 0}, "kill_fox": {"value": 0}, "kill_mooshroom": {"value": 0}, "kill_parrot": {"value": 0}, "kill_pig": {"value": 1, "rank": 25}, "kill_rabbit": {"value": 0}, "kill_sheep": {"value": 24, "rank": 3}, "kill_strider": {"value": 0}, "kill_turtle": {"value": 0}, "kill_villager": {"value": 0}, "kill_wandering_trader": {"value": 0}, "kill_wolf": {"value": 0}, "kill_ocelot": {"value": 0}, "kill_llama": {"value": 0}, "kill_zombie": {"value": 13, "rank": 27}, "kill_skeleton": {"value": 7, "rank": 20}, "kill_spider": {"value": 1, "rank": 31}, "kill_guardian": {"value": 0}, "kill_illagers": {"value": 2, "rank": 10}, "kill_hoglins": {"value": 0}, "kill_fish": {"value": 0}, "kill_squid": {"value": 0}, "killed_by_creeper": {"value": 4, "rank": 11}, "mine_amethyst": {"value": 2, "rank": 8}, "mine_cobweb": {"value": 0}, "mine_coral": {"value": 0}, "mine_dimensional": {"value": 44, "rank": 21}, "mine_glass": {"value": 0}, "mine_grass": {"value": 69, "rank": 17}, "mine_ground": {"value": 412, "rank": 15}, "mine_ice": {"value": 0}, "mine_kelp": {"value": 1, "rank": 4}, "mine_nether_foliage": {"value": 0}, "mine_obsidian": {"value": 0}, "mine_ancient_debris": {"value": 0}, "mine_coal_ore": {"value": 62, "rank": 24}, "mine_iron_ore": {"value": 108, "rank": 11}, "mine_copper_ore": {"value": 8, "rank": 19}, "mine_diamond_ore": {"value": 52, "rank": 8}, "mine_gold_ore": {"value": 24, "rank": 20}, "mine_emerald_ore": {"value": 0}, "mine_lapis_ore": {"value": 12, "rank": 15}, "mine_redstone_ore": {"value": 0}, "mine_nether_quartz_ore": {"value": 0}, "mine_pointed_dripstone": {"value": 6, "rank": 2}, "mine_snow": {"value": 0}, "mine_spawner": {"value": 1, "rank": 9}, "mine_stone": {"value": 602, "rank": 21}, "mine_wood": {"value": 49, "rank": 23}, "noteblock": {"value": 0}, "open_container": {"value": 26, "rank": 25}, "place_banner": {"value": 0}, "place_bars": {"value": 0}, "place_cactus": {"value": 0}, "place_candle": {"value": 0}, "place_chorus_flower": {"value": 0}, "place_conveyor": {"value": 0}, "place_electrics": {"value": 0}, "place_glass": {"value": 0}, "place_lantern": {"value": 0}, "place_lightning_rod": {"value": 0}, "place_lodestone": {"value": 0}, "place_piston": {"value": 0}, "place_rails": {"value": 0}, "place_sapling": {"value": 1, "rank": 20}, "place_scaffolding": {"value": 0}, "place_sign": {"value": 0}, "place_stairs": {"value": 0}, "place_torch": {"value": 4, "rank": 29}, "place_wall": {"value": 0}, "play": {"value": 227224, "rank": 22}, "play_record": {"value": 0}, "pot_flower": {"value": 0}, "ride_boat": {"value": 769542, "rank": 10}, "ride_horse": {"value": 0}, "ride_minecart": {"value": 0}, "ride_pig": {"value": 0}, "ride_strider": {"value": 0}, "ring_bell": {"value": 2, "rank": 7}, "sleep": {"value": 1, "rank": 24}, "sprint": {"value": 506505, "rank": 20}, "swim": {"value": 158393, "rank": 7}, "time_since_death": {"value": 542, "rank": 35}, "time_since_sleep": {"value": 562, "rank": 35}, "trade": {"value": 0}, "trigger_raid": {"value": 0}, "use_book": {"value": 0}, "use_bow": {"value": 0}, "use_crossbow": {"value": 0}, "use_dirt": {"value": 55, "rank": 20}, "use_egg": {"value": 0}, "use_ender_eye": {"value": 0}, "use_ender_pearl": {"value": 0}, "use_fireworks": {"value": 0}, "use_flint": {"value": 0}, "use_hoe": {"value": 0}, "use_honey_bottle": {"value": 0}, "use_lava_bucket": {"value": 0}, "use_potion": {"value": 0}, "use_shears": {"value": 0}, "use_snowball": {"value": 5, "rank": 7}, "use_totem": {"value": 0}, "use_water_bucket": {"value": 0}, "walk": {"value": 731209, "rank": 18}, "walk_on_water": {"value": 536267, "rank": 1}, "win_raid": {"value": 0}}