{"aviate": {"value": 0}, "biomes": {"value": 11, "rank": 29}, "break_tools": {"value": 0}, "breed": {"value": 0}, "climb": {"value": 0}, "collect_berries": {"value": 0}, "collect_shroom": {"value": 15, "rank": 5}, "craft_armor": {"value": 6, "rank": 14}, "craft_beacon": {"value": 0}, "craft_bookshelf": {"value": 0}, "craft_bread": {"value": 37, "rank": 12}, "craft_bundle": {"value": 0}, "craft_clock": {"value": 0}, "craft_compass": {"value": 0}, "craft_ender_chest": {"value": 0}, "craft_glowstone": {"value": 0}, "craft_mineral_block": {"value": 17, "rank": 13}, "craft_paper": {"value": 0}, "craft_respawn_anchor": {"value": 0}, "craft_sponge": {"value": 0}, "craft_spyglass": {"value": 1, "rank": 3}, "craft_sword": {"value": 3, "rank": 8}, "craft_tnt": {"value": 0}, "craft_tools": {"value": 10, "rank": 23}, "craft_turtle_helmet": {"value": 0}, "craft_wool": {"value": 0}, "crouch": {"value": 13848, "rank": 26}, "damage_dealt": {"value": 10010, "rank": 23}, "damage_shield": {"value": 1845, "rank": 12}, "damage_taken": {"value": 4758, "rank": 25}, "death": {"value": 12, "rank": 26}, "dive": {"value": 8474, "rank": 28}, "drink_milk": {"value": 0}, "drop": {"value": 97, "rank": 16}, "eat_cookie": {"value": 0}, "eat_fish": {"value": 0}, "eat_junkfood": {"value": 6, "rank": 15}, "eat_meat": {"value": 0}, "eat_rawmeat": {"value": 0}, "eat_soup": {"value": 0}, "eat_veggie": {"value": 37, "rank": 16}, "enchant": {"value": 3, "rank": 13}, "fall": {"value": 73185, "rank": 26}, "harvest_bamboo": {"value": 0}, "harvest_nether_wart": {"value": 0}, "harvest_sugar": {"value": 26, "rank": 10}, "interact_anvil": {"value": 0}, "interact_blast_furnace": {"value": 0}, "interact_brewing_stand": {"value": 0}, "interact_campfire": {"value": 0}, "interact_cartography": {"value": 0}, "interact_grindstone": {"value": 0}, "interact_lectern": {"value": 0}, "interact_loom": {"value": 0}, "interact_smoker": {"value": 0}, "interact_stonecutter": {"value": 0}, "jump": {"value": 2621, "rank": 23}, "kill_any": {"value": 45, "rank": 24}, "kill_blaze": {"value": 0}, "kill_creeper": {"value": 1, "rank": 19}, "kill_endermite": {"value": 0}, "kill_ender_dragon": {"value": 0}, "kill_ghast": {"value": 0}, "kill_magma_cube": {"value": 0}, "kill_phantom": {"value": 0}, "kill_ravager": {"value": 0}, "kill_shulker": {"value": 0}, "kill_silverfish": {"value": 0}, "kill_slime": {"value": 0}, "kill_vex": {"value": 0}, "kill_witch": {"value": 0}, "kill_wither_skeleton": {"value": 0}, "kill_bee": {"value": 0}, "kill_dolphin": {"value": 0}, "kill_enderman": {"value": 2, "rank": 9}, "kill_goat": {"value": 0}, "kill_iron_golem": {"value": 0}, "kill_panda": {"value": 0}, "kill_piglin": {"value": 3, "rank": 10}, "kill_polar_bear": {"value": 0}, "kill_snow_golem": {"value": 0}, "kill_zombie_pigman": {"value": 0}, "kill_zombified_piglin": {"value": 0}, "kill_piglin_brute": {"value": 0}, "kill_axolotl": {"value": 0}, "kill_bat": {"value": 0}, "kill_chicken": {"value": 2, "rank": 16}, "kill_cow": {"value": 0}, "kill_horse": {"value": 0}, "kill_fox": {"value": 0}, "kill_mooshroom": {"value": 0}, "kill_parrot": {"value": 0}, "kill_pig": {"value": 0}, "kill_rabbit": {"value": 0}, "kill_sheep": {"value": 1, "rank": 28}, "kill_strider": {"value": 0}, "kill_turtle": {"value": 0}, "kill_villager": {"value": 0}, "kill_wandering_trader": {"value": 0}, "kill_wolf": {"value": 0}, "kill_ocelot": {"value": 0}, "kill_llama": {"value": 0}, "kill_zombie": {"value": 22, "rank": 18}, "kill_skeleton": {"value": 4, "rank": 29}, "kill_spider": {"value": 5, "rank": 19}, "kill_guardian": {"value": 0}, "kill_illagers": {"value": 5, "rank": 4}, "kill_hoglins": {"value": 0}, "kill_fish": {"value": 0}, "kill_squid": {"value": 0}, "killed_by_creeper": {"value": 0}, "mine_amethyst": {"value": 1, "rank": 10}, "mine_cobweb": {"value": 0}, "mine_coral": {"value": 0}, "mine_dimensional": {"value": 986, "rank": 12}, "mine_glass": {"value": 0}, "mine_grass": {"value": 15, "rank": 24}, "mine_ground": {"value": 40, "rank": 27}, "mine_ice": {"value": 0}, "mine_kelp": {"value": 0}, "mine_nether_foliage": {"value": 0}, "mine_obsidian": {"value": 0}, "mine_ancient_debris": {"value": 1, "rank": 12}, "mine_coal_ore": {"value": 79, "rank": 21}, "mine_iron_ore": {"value": 91, "rank": 16}, "mine_copper_ore": {"value": 2, "rank": 30}, "mine_diamond_ore": {"value": 14, "rank": 18}, "mine_gold_ore": {"value": 47, "rank": 10}, "mine_emerald_ore": {"value": 0}, "mine_lapis_ore": {"value": 24, "rank": 8}, "mine_redstone_ore": {"value": 12, "rank": 18}, "mine_nether_quartz_ore": {"value": 22, "rank": 14}, "mine_pointed_dripstone": {"value": 0}, "mine_snow": {"value": 0}, "mine_spawner": {"value": 0}, "mine_stone": {"value": 550, "rank": 22}, "mine_wood": {"value": 33, "rank": 30}, "noteblock": {"value": 0}, "open_container": {"value": 25, "rank": 27}, "place_banner": {"value": 0}, "place_bars": {"value": 0}, "place_cactus": {"value": 0}, "place_candle": {"value": 0}, "place_chorus_flower": {"value": 0}, "place_conveyor": {"value": 0}, "place_electrics": {"value": 0}, "place_glass": {"value": 0}, "place_lantern": {"value": 0}, "place_lightning_rod": {"value": 0}, "place_lodestone": {"value": 0}, "place_piston": {"value": 0}, "place_rails": {"value": 0}, "place_sapling": {"value": 0}, "place_scaffolding": {"value": 0}, "place_sign": {"value": 2, "rank": 11}, "place_stairs": {"value": 0}, "place_torch": {"value": 148, "rank": 13}, "place_wall": {"value": 0}, "play": {"value": 166665, "rank": 30}, "play_record": {"value": 0}, "pot_flower": {"value": 0}, "ride_boat": {"value": 35579, "rank": 19}, "ride_horse": {"value": 0}, "ride_minecart": {"value": 0}, "ride_pig": {"value": 0}, "ride_strider": {"value": 0}, "ring_bell": {"value": 0}, "sleep": {"value": 0}, "sprint": {"value": 322806, "rank": 26}, "swim": {"value": 38495, "rank": 17}, "time_since_death": {"value": 10025, "rank": 25}, "time_since_sleep": {"value": 10045, "rank": 24}, "trade": {"value": 0}, "trigger_raid": {"value": 0}, "use_book": {"value": 0}, "use_bow": {"value": 0}, "use_crossbow": {"value": 0}, "use_dirt": {"value": 61, "rank": 18}, "use_egg": {"value": 164, "rank": 1}, "use_ender_eye": {"value": 0}, "use_ender_pearl": {"value": 0}, "use_fireworks": {"value": 0}, "use_flint": {"value": 0}, "use_hoe": {"value": 103, "rank": 10}, "use_honey_bottle": {"value": 0}, "use_lava_bucket": {"value": 13, "rank": 5}, "use_potion": {"value": 0}, "use_shears": {"value": 0}, "use_snowball": {"value": 0}, "use_totem": {"value": 0}, "use_water_bucket": {"value": 10, "rank": 18}, "walk": {"value": 587660, "rank": 20}, "walk_on_water": {"value": 26077, "rank": 25}, "win_raid": {"value": 0}}