{"aviate": {"value": 377900, "rank": 2}, "biomes": {"value": 12, "rank": 27}, "break_tools": {"value": 0}, "breed": {"value": 0}, "climb": {"value": 4830, "rank": 15}, "collect_berries": {"value": 0}, "collect_shroom": {"value": 0}, "craft_armor": {"value": 5, "rank": 18}, "craft_beacon": {"value": 0}, "craft_bookshelf": {"value": 0}, "craft_bread": {"value": 52, "rank": 6}, "craft_bundle": {"value": 0}, "craft_clock": {"value": 0}, "craft_compass": {"value": 0}, "craft_ender_chest": {"value": 0}, "craft_glowstone": {"value": 0}, "craft_mineral_block": {"value": 0}, "craft_paper": {"value": 6, "rank": 4}, "craft_respawn_anchor": {"value": 0}, "craft_sponge": {"value": 0}, "craft_spyglass": {"value": 0}, "craft_sword": {"value": 2, "rank": 16}, "craft_tnt": {"value": 0}, "craft_tools": {"value": 14, "rank": 17}, "craft_turtle_helmet": {"value": 0}, "craft_wool": {"value": 0}, "crouch": {"value": 77019, "rank": 12}, "damage_dealt": {"value": 46353, "rank": 9}, "damage_shield": {"value": 610, "rank": 18}, "damage_taken": {"value": 12405, "rank": 15}, "death": {"value": 35, "rank": 16}, "dive": {"value": 6141, "rank": 32}, "drink_milk": {"value": 0}, "drop": {"value": 195, "rank": 9}, "eat_cookie": {"value": 0}, "eat_fish": {"value": 0}, "eat_junkfood": {"value": 1, "rank": 23}, "eat_meat": {"value": 21, "rank": 14}, "eat_rawmeat": {"value": 0}, "eat_soup": {"value": 0}, "eat_veggie": {"value": 63, "rank": 12}, "enchant": {"value": 0}, "fall": {"value": 166133, "rank": 15}, "harvest_bamboo": {"value": 5, "rank": 14}, "harvest_nether_wart": {"value": 0}, "harvest_sugar": {"value": 39, "rank": 7}, "interact_anvil": {"value": 0}, "interact_blast_furnace": {"value": 0}, "interact_brewing_stand": {"value": 0}, "interact_campfire": {"value": 0}, "interact_cartography": {"value": 0}, "interact_grindstone": {"value": 0}, "interact_lectern": {"value": 0}, "interact_loom": {"value": 0}, "interact_smoker": {"value": 0}, "interact_stonecutter": {"value": 0}, "jump": {"value": 5452, "rank": 17}, "kill_any": {"value": 193, "rank": 12}, "kill_blaze": {"value": 0}, "kill_creeper": {"value": 4, "rank": 10}, "kill_endermite": {"value": 0}, "kill_ender_dragon": {"value": 0}, "kill_ghast": {"value": 0}, "kill_magma_cube": {"value": 0}, "kill_phantom": {"value": 0}, "kill_ravager": {"value": 0}, "kill_shulker": {"value": 45, "rank": 2}, "kill_silverfish": {"value": 0}, "kill_slime": {"value": 0}, "kill_vex": {"value": 0}, "kill_witch": {"value": 1, "rank": 9}, "kill_wither_skeleton": {"value": 0}, "kill_bee": {"value": 0}, "kill_dolphin": {"value": 0}, "kill_enderman": {"value": 24, "rank": 4}, "kill_goat": {"value": 0}, "kill_iron_golem": {"value": 0}, "kill_panda": {"value": 0}, "kill_piglin": {"value": 0}, "kill_polar_bear": {"value": 0}, "kill_snow_golem": {"value": 0}, "kill_zombie_pigman": {"value": 0}, "kill_zombified_piglin": {"value": 28, "rank": 5}, "kill_piglin_brute": {"value": 0}, "kill_axolotl": {"value": 0}, "kill_bat": {"value": 0}, "kill_chicken": {"value": 6, "rank": 6}, "kill_cow": {"value": 3, "rank": 18}, "kill_horse": {"value": 0}, "kill_fox": {"value": 0}, "kill_mooshroom": {"value": 0}, "kill_parrot": {"value": 0}, "kill_pig": {"value": 1, "rank": 24}, "kill_rabbit": {"value": 0}, "kill_sheep": {"value": 5, "rank": 15}, "kill_strider": {"value": 0}, "kill_turtle": {"value": 0}, "kill_villager": {"value": 0}, "kill_wandering_trader": {"value": 0}, "kill_wolf": {"value": 0}, "kill_ocelot": {"value": 0}, "kill_llama": {"value": 0}, "kill_zombie": {"value": 38, "rank": 14}, "kill_skeleton": {"value": 21, "rank": 9}, "kill_spider": {"value": 7, "rank": 17}, "kill_guardian": {"value": 0}, "kill_illagers": {"value": 8, "rank": 2}, "kill_hoglins": {"value": 0}, "kill_fish": {"value": 2, "rank": 4}, "kill_squid": {"value": 0}, "killed_by_creeper": {"value": 1, "rank": 24}, "mine_amethyst": {"value": 0}, "mine_cobweb": {"value": 0}, "mine_coral": {"value": 0}, "mine_dimensional": {"value": 4080, "rank": 6}, "mine_glass": {"value": 1, "rank": 11}, "mine_grass": {"value": 723, "rank": 1}, "mine_ground": {"value": 700, "rank": 11}, "mine_ice": {"value": 0}, "mine_kelp": {"value": 0}, "mine_nether_foliage": {"value": 0}, "mine_obsidian": {"value": 0}, "mine_ancient_debris": {"value": 16, "rank": 7}, "mine_coal_ore": {"value": 116, "rank": 12}, "mine_iron_ore": {"value": 63, "rank": 24}, "mine_copper_ore": {"value": 2, "rank": 29}, "mine_diamond_ore": {"value": 38, "rank": 11}, "mine_gold_ore": {"value": 114, "rank": 5}, "mine_emerald_ore": {"value": 0}, "mine_lapis_ore": {"value": 14, "rank": 12}, "mine_redstone_ore": {"value": 13, "rank": 16}, "mine_nether_quartz_ore": {"value": 74, "rank": 10}, "mine_pointed_dripstone": {"value": 0}, "mine_snow": {"value": 2, "rank": 13}, "mine_spawner": {"value": 0}, "mine_stone": {"value": 700, "rank": 19}, "mine_wood": {"value": 191, "rank": 10}, "noteblock": {"value": 0}, "open_container": {"value": 126, "rank": 15}, "place_banner": {"value": 0}, "place_bars": {"value": 0}, "place_cactus": {"value": 0}, "place_candle": {"value": 0}, "place_chorus_flower": {"value": 0}, "place_conveyor": {"value": 0}, "place_electrics": {"value": 2, "rank": 14}, "place_glass": {"value": 0}, "place_lantern": {"value": 0}, "place_lightning_rod": {"value": 0}, "place_lodestone": {"value": 0}, "place_piston": {"value": 0}, "place_rails": {"value": 0}, "place_sapling": {"value": 4, "rank": 14}, "place_scaffolding": {"value": 0}, "place_sign": {"value": 0}, "place_stairs": {"value": 0}, "place_torch": {"value": 184, "rank": 10}, "place_wall": {"value": 0}, "play": {"value": 355043, "rank": 17}, "play_record": {"value": 0}, "pot_flower": {"value": 0}, "ride_boat": {"value": 7621, "rank": 22}, "ride_horse": {"value": 0}, "ride_minecart": {"value": 0}, "ride_pig": {"value": 0}, "ride_strider": {"value": 0}, "ring_bell": {"value": 0}, "sleep": {"value": 3, "rank": 18}, "sprint": {"value": 874996, "rank": 14}, "swim": {"value": 9672, "rank": 24}, "time_since_death": {"value": 357, "rank": 37}, "time_since_sleep": {"value": 377, "rank": 37}, "trade": {"value": 0}, "trigger_raid": {"value": 0}, "use_book": {"value": 0}, "use_bow": {"value": 0}, "use_crossbow": {"value": 7, "rank": 1}, "use_dirt": {"value": 8, "rank": 27}, "use_egg": {"value": 1, "rank": 8}, "use_ender_eye": {"value": 0}, "use_ender_pearl": {"value": 23, "rank": 2}, "use_fireworks": {"value": 6, "rank": 2}, "use_flint": {"value": 0}, "use_hoe": {"value": 224, "rank": 5}, "use_honey_bottle": {"value": 0}, "use_lava_bucket": {"value": 0}, "use_potion": {"value": 0}, "use_shears": {"value": 0}, "use_snowball": {"value": 0}, "use_totem": {"value": 0}, "use_water_bucket": {"value": 33, "rank": 13}, "walk": {"value": 838166, "rank": 16}, "walk_on_water": {"value": 34452, "rank": 21}, "win_raid": {"value": 0}}