{"aviate": {"value": 0}, "biomes": {"value": 29, "rank": 6}, "break_tools": {"value": 12, "rank": 12}, "breed": {"value": 1, "rank": 6}, "climb": {"value": 38050, "rank": 9}, "collect_berries": {"value": 0}, "collect_shroom": {"value": 0}, "craft_armor": {"value": 2, "rank": 29}, "craft_beacon": {"value": 0}, "craft_bookshelf": {"value": 0}, "craft_bread": {"value": 0}, "craft_bundle": {"value": 0}, "craft_clock": {"value": 0}, "craft_compass": {"value": 0}, "craft_ender_chest": {"value": 0}, "craft_glowstone": {"value": 14, "rank": 3}, "craft_mineral_block": {"value": 0}, "craft_paper": {"value": 0}, "craft_respawn_anchor": {"value": 0}, "craft_sponge": {"value": 0}, "craft_spyglass": {"value": 0}, "craft_sword": {"value": 3, "rank": 7}, "craft_tnt": {"value": 0}, "craft_tools": {"value": 19, "rank": 13}, "craft_turtle_helmet": {"value": 0}, "craft_wool": {"value": 3, "rank": 5}, "crouch": {"value": 260893, "rank": 4}, "damage_dealt": {"value": 33771, "rank": 11}, "damage_shield": {"value": 0}, "damage_taken": {"value": 21113, "rank": 12}, "death": {"value": 79, "rank": 9}, "dive": {"value": 95091, "rank": 8}, "drink_milk": {"value": 0}, "drop": {"value": 115, "rank": 14}, "eat_cookie": {"value": 0}, "eat_fish": {"value": 0}, "eat_junkfood": {"value": 26, "rank": 7}, "eat_meat": {"value": 0}, "eat_rawmeat": {"value": 0}, "eat_soup": {"value": 0}, "eat_veggie": {"value": 539, "rank": 3}, "enchant": {"value": 0}, "fall": {"value": 276394, "rank": 11}, "harvest_bamboo": {"value": 246, "rank": 4}, "harvest_nether_wart": {"value": 0}, "harvest_sugar": {"value": 14, "rank": 13}, "interact_anvil": {"value": 0}, "interact_blast_furnace": {"value": 1, "rank": 6}, "interact_brewing_stand": {"value": 1, "rank": 9}, "interact_campfire": {"value": 0}, "interact_cartography": {"value": 0}, "interact_grindstone": {"value": 0}, "interact_lectern": {"value": 0}, "interact_loom": {"value": 0}, "interact_smoker": {"value": 1, "rank": 5}, "interact_stonecutter": {"value": 1, "rank": 8}, "jump": {"value": 10104, "rank": 12}, "kill_any": {"value": 237, "rank": 9}, "kill_blaze": {"value": 0}, "kill_creeper": {"value": 6, "rank": 9}, "kill_endermite": {"value": 0}, "kill_ender_dragon": {"value": 0}, "kill_ghast": {"value": 0}, "kill_magma_cube": {"value": 0}, "kill_phantom": {"value": 0}, "kill_ravager": {"value": 0}, "kill_shulker": {"value": 0}, "kill_silverfish": {"value": 0}, "kill_slime": {"value": 62, "rank": 3}, "kill_vex": {"value": 0}, "kill_witch": {"value": 1, "rank": 8}, "kill_wither_skeleton": {"value": 0}, "kill_bee": {"value": 0}, "kill_dolphin": {"value": 0}, "kill_enderman": {"value": 0}, "kill_goat": {"value": 0}, "kill_iron_golem": {"value": 1, "rank": 7}, "kill_panda": {"value": 0}, "kill_piglin": {"value": 0}, "kill_polar_bear": {"value": 0}, "kill_snow_golem": {"value": 0}, "kill_zombie_pigman": {"value": 0}, "kill_zombified_piglin": {"value": 0}, "kill_piglin_brute": {"value": 0}, "kill_axolotl": {"value": 0}, "kill_bat": {"value": 0}, "kill_chicken": {"value": 3, "rank": 11}, "kill_cow": {"value": 13, "rank": 9}, "kill_horse": {"value": 0}, "kill_fox": {"value": 0}, "kill_mooshroom": {"value": 0}, "kill_parrot": {"value": 0}, "kill_pig": {"value": 24, "rank": 2}, "kill_rabbit": {"value": 0}, "kill_sheep": {"value": 1, "rank": 27}, "kill_strider": {"value": 0}, "kill_turtle": {"value": 0}, "kill_villager": {"value": 0}, "kill_wandering_trader": {"value": 1, "rank": 3}, "kill_wolf": {"value": 0}, "kill_ocelot": {"value": 0}, "kill_llama": {"value": 0}, "kill_zombie": {"value": 87, "rank": 6}, "kill_skeleton": {"value": 14, "rank": 16}, "kill_spider": {"value": 20, "rank": 6}, "kill_guardian": {"value": 0}, "kill_illagers": {"value": 0}, "kill_hoglins": {"value": 0}, "kill_fish": {"value": 0}, "kill_squid": {"value": 0}, "killed_by_creeper": {"value": 12, "rank": 3}, "mine_amethyst": {"value": 0}, "mine_cobweb": {"value": 16, "rank": 4}, "mine_coral": {"value": 0}, "mine_dimensional": {"value": 55, "rank": 19}, "mine_glass": {"value": 11, "rank": 9}, "mine_grass": {"value": 301, "rank": 6}, "mine_ground": {"value": 1594, "rank": 5}, "mine_ice": {"value": 4, "rank": 6}, "mine_kelp": {"value": 0}, "mine_nether_foliage": {"value": 1, "rank": 8}, "mine_obsidian": {"value": 11, "rank": 9}, "mine_ancient_debris": {"value": 0}, "mine_coal_ore": {"value": 365, "rank": 4}, "mine_iron_ore": {"value": 91, "rank": 15}, "mine_copper_ore": {"value": 190, "rank": 4}, "mine_diamond_ore": {"value": 28, "rank": 14}, "mine_gold_ore": {"value": 22, "rank": 22}, "mine_emerald_ore": {"value": 0}, "mine_lapis_ore": {"value": 14, "rank": 11}, "mine_redstone_ore": {"value": 24, "rank": 13}, "mine_nether_quartz_ore": {"value": 53, "rank": 12}, "mine_pointed_dripstone": {"value": 4, "rank": 5}, "mine_snow": {"value": 397, "rank": 2}, "mine_spawner": {"value": 2, "rank": 3}, "mine_stone": {"value": 3367, "rank": 6}, "mine_wood": {"value": 88, "rank": 17}, "noteblock": {"value": 0}, "open_container": {"value": 897, "rank": 8}, "place_banner": {"value": 0}, "place_bars": {"value": 1, "rank": 6}, "place_cactus": {"value": 0}, "place_candle": {"value": 0}, "place_chorus_flower": {"value": 0}, "place_conveyor": {"value": 9, "rank": 2}, "place_electrics": {"value": 31, "rank": 3}, "place_glass": {"value": 491, "rank": 4}, "place_lantern": {"value": 0}, "place_lightning_rod": {"value": 0}, "place_lodestone": {"value": 0}, "place_piston": {"value": 9, "rank": 3}, "place_rails": {"value": 239, "rank": 2}, "place_sapling": {"value": 0}, "place_scaffolding": {"value": 85, "rank": 2}, "place_sign": {"value": 5, "rank": 9}, "place_stairs": {"value": 14, "rank": 9}, "place_torch": {"value": 157, "rank": 12}, "place_wall": {"value": 0}, "play": {"value": 1552180, "rank": 8}, "play_record": {"value": 0}, "pot_flower": {"value": 0}, "ride_boat": {"value": 8406394, "rank": 1}, "ride_horse": {"value": 291, "rank": 11}, "ride_minecart": {"value": 306, "rank": 4}, "ride_pig": {"value": 0}, "ride_strider": {"value": 0}, "ring_bell": {"value": 0}, "sleep": {"value": 7, "rank": 8}, "sprint": {"value": 1807287, "rank": 10}, "swim": {"value": 64956, "rank": 12}, "time_since_death": {"value": 23905, "rank": 18}, "time_since_sleep": {"value": 23925, "rank": 16}, "trade": {"value": 0}, "trigger_raid": {"value": 0}, "use_book": {"value": 0}, "use_bow": {"value": 0}, "use_crossbow": {"value": 0}, "use_dirt": {"value": 1006, "rank": 3}, "use_egg": {"value": 1, "rank": 7}, "use_ender_eye": {"value": 0}, "use_ender_pearl": {"value": 0}, "use_fireworks": {"value": 0}, "use_flint": {"value": 1, "rank": 15}, "use_hoe": {"value": 827, "rank": 2}, "use_honey_bottle": {"value": 0}, "use_lava_bucket": {"value": 0}, "use_potion": {"value": 0}, "use_shears": {"value": 23, "rank": 7}, "use_snowball": {"value": 0}, "use_totem": {"value": 0}, "use_water_bucket": {"value": 35, "rank": 11}, "walk": {"value": 4183202, "rank": 8}, "walk_on_water": {"value": 153052, "rank": 9}, "win_raid": {"value": 0}}