{"aviate": {"value": 0}, "biomes": {"value": 16, "rank": 22}, "break_tools": {"value": 5, "rank": 17}, "breed": {"value": 1, "rank": 5}, "climb": {"value": 116223, "rank": 3}, "collect_berries": {"value": 0}, "collect_shroom": {"value": 75, "rank": 1}, "craft_armor": {"value": 30, "rank": 1}, "craft_beacon": {"value": 0}, "craft_bookshelf": {"value": 18, "rank": 8}, "craft_bread": {"value": 37, "rank": 11}, "craft_bundle": {"value": 0}, "craft_clock": {"value": 1, "rank": 2}, "craft_compass": {"value": 0}, "craft_ender_chest": {"value": 1, "rank": 2}, "craft_glowstone": {"value": 23, "rank": 2}, "craft_mineral_block": {"value": 1198, "rank": 2}, "craft_paper": {"value": 0}, "craft_respawn_anchor": {"value": 0}, "craft_sponge": {"value": 0}, "craft_spyglass": {"value": 1, "rank": 2}, "craft_sword": {"value": 1, "rank": 28}, "craft_tnt": {"value": 0}, "craft_tools": {"value": 65, "rank": 3}, "craft_turtle_helmet": {"value": 0}, "craft_wool": {"value": 0}, "crouch": {"value": 295478, "rank": 3}, "damage_dealt": {"value": 125799, "rank": 4}, "damage_shield": {"value": 29041, "rank": 1}, "damage_taken": {"value": 45737, "rank": 4}, "death": {"value": 74, "rank": 10}, "dive": {"value": 93814, "rank": 9}, "drink_milk": {"value": 0}, "drop": {"value": 495, "rank": 5}, "eat_cookie": {"value": 0}, "eat_fish": {"value": 223, "rank": 1}, "eat_junkfood": {"value": 166, "rank": 1}, "eat_meat": {"value": 55, "rank": 4}, "eat_rawmeat": {"value": 6, "rank": 5}, "eat_soup": {"value": 13, "rank": 1}, "eat_veggie": {"value": 588, "rank": 2}, "enchant": {"value": 9, "rank": 6}, "fall": {"value": 578354, "rank": 4}, "harvest_bamboo": {"value": 0}, "harvest_nether_wart": {"value": 0}, "harvest_sugar": {"value": 10, "rank": 15}, "interact_anvil": {"value": 11, "rank": 10}, "interact_blast_furnace": {"value": 86, "rank": 1}, "interact_brewing_stand": {"value": 13, "rank": 1}, "interact_campfire": {"value": 0}, "interact_cartography": {"value": 0}, "interact_grindstone": {"value": 1, "rank": 8}, "interact_lectern": {"value": 0}, "interact_loom": {"value": 0}, "interact_smoker": {"value": 71, "rank": 1}, "interact_stonecutter": {"value": 19, "rank": 1}, "jump": {"value": 25183, "rank": 3}, "kill_any": {"value": 796, "rank": 5}, "kill_blaze": {"value": 152, "rank": 2}, "kill_creeper": {"value": 40, "rank": 1}, "kill_endermite": {"value": 0}, "kill_ender_dragon": {"value": 0}, "kill_ghast": {"value": 0}, "kill_magma_cube": {"value": 4, "rank": 9}, "kill_phantom": {"value": 1, "rank": 8}, "kill_ravager": {"value": 0}, "kill_shulker": {"value": 2, "rank": 5}, "kill_silverfish": {"value": 4, "rank": 3}, "kill_slime": {"value": 90, "rank": 2}, "kill_vex": {"value": 0}, "kill_witch": {"value": 0}, "kill_wither_skeleton": {"value": 1, "rank": 9}, "kill_bee": {"value": 0}, "kill_dolphin": {"value": 0}, "kill_enderman": {"value": 1, "rank": 11}, "kill_goat": {"value": 1, "rank": 4}, "kill_iron_golem": {"value": 2, "rank": 3}, "kill_panda": {"value": 0}, "kill_piglin": {"value": 6, "rank": 6}, "kill_polar_bear": {"value": 0}, "kill_snow_golem": {"value": 0}, "kill_zombie_pigman": {"value": 0}, "kill_zombified_piglin": {"value": 0}, "kill_piglin_brute": {"value": 0}, "kill_axolotl": {"value": 0}, "kill_bat": {"value": 1, "rank": 5}, "kill_chicken": {"value": 0}, "kill_cow": {"value": 11, "rank": 10}, "kill_horse": {"value": 0}, "kill_fox": {"value": 0}, "kill_mooshroom": {"value": 0}, "kill_parrot": {"value": 0}, "kill_pig": {"value": 18, "rank": 5}, "kill_rabbit": {"value": 0}, "kill_sheep": {"value": 13, "rank": 8}, "kill_strider": {"value": 0}, "kill_turtle": {"value": 0}, "kill_villager": {"value": 0}, "kill_wandering_trader": {"value": 0}, "kill_wolf": {"value": 0}, "kill_ocelot": {"value": 0}, "kill_llama": {"value": 0}, "kill_zombie": {"value": 270, "rank": 1}, "kill_skeleton": {"value": 102, "rank": 1}, "kill_spider": {"value": 50, "rank": 1}, "kill_guardian": {"value": 0}, "kill_illagers": {"value": 3, "rank": 7}, "kill_hoglins": {"value": 0}, "kill_fish": {"value": 0}, "kill_squid": {"value": 19, "rank": 2}, "killed_by_creeper": {"value": 8, "rank": 5}, "mine_amethyst": {"value": 234, "rank": 1}, "mine_cobweb": {"value": 8, "rank": 7}, "mine_coral": {"value": 0}, "mine_dimensional": {"value": 6360, "rank": 3}, "mine_glass": {"value": 3, "rank": 10}, "mine_grass": {"value": 124, "rank": 13}, "mine_ground": {"value": 1284, "rank": 7}, "mine_ice": {"value": 0}, "mine_kelp": {"value": 0}, "mine_nether_foliage": {"value": 21, "rank": 1}, "mine_obsidian": {"value": 41, "rank": 3}, "mine_ancient_debris": {"value": 12, "rank": 8}, "mine_coal_ore": {"value": 291, "rank": 6}, "mine_iron_ore": {"value": 415, "rank": 2}, "mine_copper_ore": {"value": 382, "rank": 1}, "mine_diamond_ore": {"value": 44, "rank": 9}, "mine_gold_ore": {"value": 292, "rank": 2}, "mine_emerald_ore": {"value": 5, "rank": 4}, "mine_lapis_ore": {"value": 78, "rank": 2}, "mine_redstone_ore": {"value": 257, "rank": 2}, "mine_nether_quartz_ore": {"value": 1011, "rank": 4}, "mine_pointed_dripstone": {"value": 31, "rank": 1}, "mine_snow": {"value": 27, "rank": 5}, "mine_spawner": {"value": 1, "rank": 8}, "mine_stone": {"value": 2418, "rank": 9}, "mine_wood": {"value": 1227, "rank": 5}, "noteblock": {"value": 0}, "open_container": {"value": 1376, "rank": 4}, "place_banner": {"value": 0}, "place_bars": {"value": 0}, "place_cactus": {"value": 0}, "place_candle": {"value": 0}, "place_chorus_flower": {"value": 0}, "place_conveyor": {"value": 3, "rank": 7}, "place_electrics": {"value": 3, "rank": 13}, "place_glass": {"value": 1, "rank": 10}, "place_lantern": {"value": 0}, "place_lightning_rod": {"value": 0}, "place_lodestone": {"value": 0}, "place_piston": {"value": 1, "rank": 5}, "place_rails": {"value": 0}, "place_sapling": {"value": 77, "rank": 4}, "place_scaffolding": {"value": 0}, "place_sign": {"value": 1, "rank": 13}, "place_stairs": {"value": 53, "rank": 6}, "place_torch": {"value": 1345, "rank": 1}, "place_wall": {"value": 65, "rank": 3}, "play": {"value": 2279092, "rank": 4}, "play_record": {"value": 8, "rank": 3}, "pot_flower": {"value": 0}, "ride_boat": {"value": 663602, "rank": 12}, "ride_horse": {"value": 662055, "rank": 1}, "ride_minecart": {"value": 0}, "ride_pig": {"value": 0}, "ride_strider": {"value": 3915698, "rank": 1}, "ring_bell": {"value": 14, "rank": 5}, "sleep": {"value": 8, "rank": 4}, "sprint": {"value": 4504751, "rank": 3}, "swim": {"value": 339966, "rank": 4}, "time_since_death": {"value": 132560, "rank": 6}, "time_since_sleep": {"value": 131597, "rank": 3}, "trade": {"value": 4, "rank": 4}, "trigger_raid": {"value": 0}, "use_book": {"value": 0}, "use_bow": {"value": 154, "rank": 3}, "use_crossbow": {"value": 0}, "use_dirt": {"value": 289, "rank": 12}, "use_egg": {"value": 0}, "use_ender_eye": {"value": 0}, "use_ender_pearl": {"value": 2, "rank": 6}, "use_fireworks": {"value": 0}, "use_flint": {"value": 4, "rank": 9}, "use_hoe": {"value": 174, "rank": 7}, "use_honey_bottle": {"value": 0}, "use_lava_bucket": {"value": 50, "rank": 1}, "use_potion": {"value": 3, "rank": 5}, "use_shears": {"value": 398, "rank": 2}, "use_snowball": {"value": 71, "rank": 1}, "use_totem": {"value": 0}, "use_water_bucket": {"value": 171, "rank": 4}, "walk": {"value": 4167690, "rank": 9}, "walk_on_water": {"value": 155392, "rank": 8}, "win_raid": {"value": 0}}