{"aviate": {"value": 174407, "rank": 3}, "biomes": {"value": 30, "rank": 3}, "break_tools": {"value": 13, "rank": 11}, "breed": {"value": 267, "rank": 1}, "climb": {"value": 93912, "rank": 4}, "collect_berries": {"value": 11, "rank": 6}, "collect_shroom": {"value": 6, "rank": 7}, "craft_armor": {"value": 13, "rank": 6}, "craft_beacon": {"value": 7, "rank": 1}, "craft_bookshelf": {"value": 27, "rank": 4}, "craft_bread": {"value": 494, "rank": 2}, "craft_bundle": {"value": 0}, "craft_clock": {"value": 0}, "craft_compass": {"value": 0}, "craft_ender_chest": {"value": 0}, "craft_glowstone": {"value": 0}, "craft_mineral_block": {"value": 2833, "rank": 1}, "craft_paper": {"value": 0}, "craft_respawn_anchor": {"value": 0}, "craft_sponge": {"value": 0}, "craft_spyglass": {"value": 0}, "craft_sword": {"value": 5, "rank": 4}, "craft_tnt": {"value": 0}, "craft_tools": {"value": 36, "rank": 9}, "craft_turtle_helmet": {"value": 0}, "craft_wool": {"value": 30, "rank": 2}, "crouch": {"value": 99502, "rank": 9}, "damage_dealt": {"value": 459568, "rank": 1}, "damage_shield": {"value": 11719, "rank": 4}, "damage_taken": {"value": 73913, "rank": 2}, "death": {"value": 105, "rank": 5}, "dive": {"value": 433358, "rank": 4}, "drink_milk": {"value": 6, "rank": 2}, "drop": {"value": 3060, "rank": 1}, "eat_cookie": {"value": 0}, "eat_fish": {"value": 26, "rank": 4}, "eat_junkfood": {"value": 88, "rank": 2}, "eat_meat": {"value": 296, "rank": 1}, "eat_rawmeat": {"value": 8, "rank": 3}, "eat_soup": {"value": 0}, "eat_veggie": {"value": 531, "rank": 4}, "enchant": {"value": 32, "rank": 4}, "fall": {"value": 2001099, "rank": 1}, "harvest_bamboo": {"value": 1918, "rank": 2}, "harvest_nether_wart": {"value": 53, "rank": 1}, "harvest_sugar": {"value": 499, "rank": 2}, "interact_anvil": {"value": 136, "rank": 1}, "interact_blast_furnace": {"value": 0}, "interact_brewing_stand": {"value": 8, "rank": 2}, "interact_campfire": {"value": 0}, "interact_cartography": {"value": 1, "rank": 3}, "interact_grindstone": {"value": 13, "rank": 2}, "interact_lectern": {"value": 0}, "interact_loom": {"value": 0}, "interact_smoker": {"value": 0}, "interact_stonecutter": {"value": 4, "rank": 3}, "jump": {"value": 37980, "rank": 1}, "kill_any": {"value": 3245, "rank": 2}, "kill_blaze": {"value": 190, "rank": 1}, "kill_creeper": {"value": 37, "rank": 2}, "kill_endermite": {"value": 2, "rank": 1}, "kill_ender_dragon": {"value": 1, "rank": 1}, "kill_ghast": {"value": 4, "rank": 2}, "kill_magma_cube": {"value": 79, "rank": 2}, "kill_phantom": {"value": 71, "rank": 1}, "kill_ravager": {"value": 6, "rank": 1}, "kill_shulker": {"value": 108, "rank": 1}, "kill_silverfish": {"value": 15, "rank": 1}, "kill_slime": {"value": 0}, "kill_vex": {"value": 22, "rank": 1}, "kill_witch": {"value": 14, "rank": 1}, "kill_wither_skeleton": {"value": 468, "rank": 1}, "kill_bee": {"value": 0}, "kill_dolphin": {"value": 0}, "kill_enderman": {"value": 1042, "rank": 2}, "kill_goat": {"value": 0}, "kill_iron_golem": {"value": 1, "rank": 6}, "kill_panda": {"value": 2, "rank": 1}, "kill_piglin": {"value": 16, "rank": 2}, "kill_polar_bear": {"value": 0}, "kill_snow_golem": {"value": 0}, "kill_zombie_pigman": {"value": 0}, "kill_zombified_piglin": {"value": 283, "rank": 2}, "kill_piglin_brute": {"value": 2, "rank": 2}, "kill_axolotl": {"value": 0}, "kill_bat": {"value": 6, "rank": 1}, "kill_chicken": {"value": 48, "rank": 2}, "kill_cow": {"value": 22, "rank": 4}, "kill_horse": {"value": 2, "rank": 1}, "kill_fox": {"value": 0}, "kill_mooshroom": {"value": 0}, "kill_parrot": {"value": 0}, "kill_pig": {"value": 11, "rank": 7}, "kill_rabbit": {"value": 0}, "kill_sheep": {"value": 37, "rank": 1}, "kill_strider": {"value": 1, "rank": 2}, "kill_turtle": {"value": 0}, "kill_villager": {"value": 9, "rank": 2}, "kill_wandering_trader": {"value": 1, "rank": 2}, "kill_wolf": {"value": 0}, "kill_ocelot": {"value": 0}, "kill_llama": {"value": 0}, "kill_zombie": {"value": 222, "rank": 2}, "kill_skeleton": {"value": 92, "rank": 2}, "kill_spider": {"value": 34, "rank": 2}, "kill_guardian": {"value": 35, "rank": 1}, "kill_illagers": {"value": 117, "rank": 1}, "kill_hoglins": {"value": 2, "rank": 3}, "kill_fish": {"value": 9, "rank": 1}, "kill_squid": {"value": 3, "rank": 7}, "killed_by_creeper": {"value": 3, "rank": 16}, "mine_amethyst": {"value": 32, "rank": 3}, "mine_cobweb": {"value": 15, "rank": 5}, "mine_coral": {"value": 0}, "mine_dimensional": {"value": 26842, "rank": 1}, "mine_glass": {"value": 87, "rank": 5}, "mine_grass": {"value": 389, "rank": 4}, "mine_ground": {"value": 6080, "rank": 1}, "mine_ice": {"value": 8198, "rank": 1}, "mine_kelp": {"value": 18, "rank": 1}, "mine_nether_foliage": {"value": 2, "rank": 4}, "mine_obsidian": {"value": 168, "rank": 1}, "mine_ancient_debris": {"value": 185, "rank": 1}, "mine_coal_ore": {"value": 303, "rank": 5}, "mine_iron_ore": {"value": 1904, "rank": 1}, "mine_copper_ore": {"value": 132, "rank": 6}, "mine_diamond_ore": {"value": 1475, "rank": 1}, "mine_gold_ore": {"value": 1339, "rank": 1}, "mine_emerald_ore": {"value": 168, "rank": 1}, "mine_lapis_ore": {"value": 178, "rank": 1}, "mine_redstone_ore": {"value": 426, "rank": 1}, "mine_nether_quartz_ore": {"value": 4997, "rank": 1}, "mine_pointed_dripstone": {"value": 0}, "mine_snow": {"value": 10, "rank": 8}, "mine_spawner": {"value": 2, "rank": 2}, "mine_stone": {"value": 20447, "rank": 1}, "mine_wood": {"value": 3715, "rank": 1}, "noteblock": {"value": 0}, "open_container": {"value": 3706, "rank": 1}, "place_banner": {"value": 23, "rank": 2}, "place_bars": {"value": 0}, "place_cactus": {"value": 0}, "place_candle": {"value": 0}, "place_chorus_flower": {"value": 0}, "place_conveyor": {"value": 4, "rank": 6}, "place_electrics": {"value": 5, "rank": 10}, "place_glass": {"value": 100, "rank": 9}, "place_lantern": {"value": 0}, "place_lightning_rod": {"value": 0}, "place_lodestone": {"value": 0}, "place_piston": {"value": 0}, "place_rails": {"value": 0}, "place_sapling": {"value": 187, "rank": 2}, "place_scaffolding": {"value": 9, "rank": 5}, "place_sign": {"value": 20, "rank": 5}, "place_stairs": {"value": 3, "rank": 10}, "place_torch": {"value": 59, "rank": 20}, "place_wall": {"value": 0}, "play": {"value": 6539780, "rank": 1}, "play_record": {"value": 15, "rank": 2}, "pot_flower": {"value": 0}, "ride_boat": {"value": 1119091, "rank": 9}, "ride_horse": {"value": 19657, "rank": 7}, "ride_minecart": {"value": 0}, "ride_pig": {"value": 0}, "ride_strider": {"value": 0}, "ring_bell": {"value": 0}, "sleep": {"value": 36, "rank": 1}, "sprint": {"value": 6488366, "rank": 1}, "swim": {"value": 230503, "rank": 5}, "time_since_death": {"value": 1094616, "rank": 1}, "time_since_sleep": {"value": 1094620, "rank": 1}, "trade": {"value": 19, "rank": 3}, "trigger_raid": {"value": 2, "rank": 1}, "use_book": {"value": 0}, "use_bow": {"value": 159, "rank": 2}, "use_crossbow": {"value": 0}, "use_dirt": {"value": 890, "rank": 5}, "use_egg": {"value": 129, "rank": 2}, "use_ender_eye": {"value": 18, "rank": 1}, "use_ender_pearl": {"value": 62, "rank": 1}, "use_fireworks": {"value": 0}, "use_flint": {"value": 13, "rank": 5}, "use_hoe": {"value": 368, "rank": 3}, "use_honey_bottle": {"value": 0}, "use_lava_bucket": {"value": 1, "rank": 15}, "use_potion": {"value": 6, "rank": 2}, "use_shears": {"value": 774, "rank": 1}, "use_snowball": {"value": 56, "rank": 2}, "use_totem": {"value": 1, "rank": 1}, "use_water_bucket": {"value": 131, "rank": 6}, "walk": {"value": 8069898, "rank": 2}, "walk_on_water": {"value": 148286, "rank": 10}, "win_raid": {"value": 2, "rank": 1}}