{"aviate": {"value": 0}, "biomes": {"value": 19, "rank": 19}, "break_tools": {"value": 10, "rank": 14}, "breed": {"value": 0}, "climb": {"value": 2893, "rank": 24}, "collect_berries": {"value": 0}, "collect_shroom": {"value": 0}, "craft_armor": {"value": 5, "rank": 17}, "craft_beacon": {"value": 0}, "craft_bookshelf": {"value": 0}, "craft_bread": {"value": 52, "rank": 5}, "craft_bundle": {"value": 0}, "craft_clock": {"value": 0}, "craft_compass": {"value": 0}, "craft_ender_chest": {"value": 0}, "craft_glowstone": {"value": 0}, "craft_mineral_block": {"value": 0}, "craft_paper": {"value": 0}, "craft_respawn_anchor": {"value": 0}, "craft_sponge": {"value": 0}, "craft_spyglass": {"value": 0}, "craft_sword": {"value": 1, "rank": 27}, "craft_tnt": {"value": 0}, "craft_tools": {"value": 18, "rank": 14}, "craft_turtle_helmet": {"value": 0}, "craft_wool": {"value": 0}, "crouch": {"value": 15450, "rank": 24}, "damage_dealt": {"value": 11421, "rank": 21}, "damage_shield": {"value": 0}, "damage_taken": {"value": 7461, "rank": 22}, "death": {"value": 15, "rank": 23}, "dive": {"value": 40384, "rank": 16}, "drink_milk": {"value": 0}, "drop": {"value": 11, "rank": 36}, "eat_cookie": {"value": 0}, "eat_fish": {"value": 0}, "eat_junkfood": {"value": 0}, "eat_meat": {"value": 15, "rank": 17}, "eat_rawmeat": {"value": 1, "rank": 10}, "eat_soup": {"value": 0}, "eat_veggie": {"value": 108, "rank": 10}, "enchant": {"value": 0}, "fall": {"value": 113006, "rank": 20}, "harvest_bamboo": {"value": 4, "rank": 15}, "harvest_nether_wart": {"value": 0}, "harvest_sugar": {"value": 28, "rank": 9}, "interact_anvil": {"value": 0}, "interact_blast_furnace": {"value": 0}, "interact_brewing_stand": {"value": 0}, "interact_campfire": {"value": 0}, "interact_cartography": {"value": 0}, "interact_grindstone": {"value": 0}, "interact_lectern": {"value": 0}, "interact_loom": {"value": 0}, "interact_smoker": {"value": 0}, "interact_stonecutter": {"value": 0}, "jump": {"value": 3675, "rank": 21}, "kill_any": {"value": 64, "rank": 23}, "kill_blaze": {"value": 0}, "kill_creeper": {"value": 0}, "kill_endermite": {"value": 0}, "kill_ender_dragon": {"value": 0}, "kill_ghast": {"value": 0}, "kill_magma_cube": {"value": 0}, "kill_phantom": {"value": 0}, "kill_ravager": {"value": 0}, "kill_shulker": {"value": 0}, "kill_silverfish": {"value": 0}, "kill_slime": {"value": 0}, "kill_vex": {"value": 0}, "kill_witch": {"value": 0}, "kill_wither_skeleton": {"value": 0}, "kill_bee": {"value": 0}, "kill_dolphin": {"value": 0}, "kill_enderman": {"value": 0}, "kill_goat": {"value": 0}, "kill_iron_golem": {"value": 1, "rank": 5}, "kill_panda": {"value": 0}, "kill_piglin": {"value": 0}, "kill_polar_bear": {"value": 0}, "kill_snow_golem": {"value": 0}, "kill_zombie_pigman": {"value": 0}, "kill_zombified_piglin": {"value": 0}, "kill_piglin_brute": {"value": 0}, "kill_axolotl": {"value": 0}, "kill_bat": {"value": 1, "rank": 4}, "kill_chicken": {"value": 2, "rank": 14}, "kill_cow": {"value": 3, "rank": 17}, "kill_horse": {"value": 0}, "kill_fox": {"value": 0}, "kill_mooshroom": {"value": 0}, "kill_parrot": {"value": 0}, "kill_pig": {"value": 5, "rank": 14}, "kill_rabbit": {"value": 0}, "kill_sheep": {"value": 11, "rank": 9}, "kill_strider": {"value": 0}, "kill_turtle": {"value": 0}, "kill_villager": {"value": 0}, "kill_wandering_trader": {"value": 0}, "kill_wolf": {"value": 0}, "kill_ocelot": {"value": 0}, "kill_llama": {"value": 0}, "kill_zombie": {"value": 23, "rank": 17}, "kill_skeleton": {"value": 11, "rank": 17}, "kill_spider": {"value": 7, "rank": 16}, "kill_guardian": {"value": 0}, "kill_illagers": {"value": 0}, "kill_hoglins": {"value": 0}, "kill_fish": {"value": 0}, "kill_squid": {"value": 0}, "killed_by_creeper": {"value": 4, "rank": 10}, "mine_amethyst": {"value": 0}, "mine_cobweb": {"value": 0}, "mine_coral": {"value": 0}, "mine_dimensional": {"value": 52, "rank": 20}, "mine_glass": {"value": 0}, "mine_grass": {"value": 331, "rank": 5}, "mine_ground": {"value": 716, "rank": 10}, "mine_ice": {"value": 0}, "mine_kelp": {"value": 0}, "mine_nether_foliage": {"value": 0}, "mine_obsidian": {"value": 0}, "mine_ancient_debris": {"value": 0}, "mine_coal_ore": {"value": 79, "rank": 20}, "mine_iron_ore": {"value": 125, "rank": 8}, "mine_copper_ore": {"value": 6, "rank": 22}, "mine_diamond_ore": {"value": 13, "rank": 19}, "mine_gold_ore": {"value": 44, "rank": 12}, "mine_emerald_ore": {"value": 1, "rank": 10}, "mine_lapis_ore": {"value": 25, "rank": 6}, "mine_redstone_ore": {"value": 26, "rank": 12}, "mine_nether_quartz_ore": {"value": 0}, "mine_pointed_dripstone": {"value": 0}, "mine_snow": {"value": 0}, "mine_spawner": {"value": 0}, "mine_stone": {"value": 1388, "rank": 14}, "mine_wood": {"value": 313, "rank": 7}, "noteblock": {"value": 0}, "open_container": {"value": 179, "rank": 14}, "place_banner": {"value": 0}, "place_bars": {"value": 0}, "place_cactus": {"value": 0}, "place_candle": {"value": 0}, "place_chorus_flower": {"value": 0}, "place_conveyor": {"value": 0}, "place_electrics": {"value": 0}, "place_glass": {"value": 0}, "place_lantern": {"value": 0}, "place_lightning_rod": {"value": 0}, "place_lodestone": {"value": 0}, "place_piston": {"value": 0}, "place_rails": {"value": 0}, "place_sapling": {"value": 36, "rank": 5}, "place_scaffolding": {"value": 0}, "place_sign": {"value": 0}, "place_stairs": {"value": 57, "rank": 5}, "place_torch": {"value": 161, "rank": 11}, "place_wall": {"value": 0}, "play": {"value": 344558, "rank": 18}, "play_record": {"value": 0}, "pot_flower": {"value": 0}, "ride_boat": {"value": 524019, "rank": 13}, "ride_horse": {"value": 0}, "ride_minecart": {"value": 0}, "ride_pig": {"value": 0}, "ride_strider": {"value": 0}, "ring_bell": {"value": 3, "rank": 6}, "sleep": {"value": 5, "rank": 12}, "sprint": {"value": 801183, "rank": 16}, "swim": {"value": 44876, "rank": 15}, "time_since_death": {"value": 51933, "rank": 13}, "time_since_sleep": {"value": 5456, "rank": 29}, "trade": {"value": 0}, "trigger_raid": {"value": 0}, "use_book": {"value": 0}, "use_bow": {"value": 0}, "use_crossbow": {"value": 0}, "use_dirt": {"value": 571, "rank": 7}, "use_egg": {"value": 0}, "use_ender_eye": {"value": 0}, "use_ender_pearl": {"value": 0}, "use_fireworks": {"value": 0}, "use_flint": {"value": 0}, "use_hoe": {"value": 164, "rank": 9}, "use_honey_bottle": {"value": 0}, "use_lava_bucket": {"value": 9, "rank": 9}, "use_potion": {"value": 0}, "use_shears": {"value": 0}, "use_snowball": {"value": 0}, "use_totem": {"value": 0}, "use_water_bucket": {"value": 0}, "walk": {"value": 565887, "rank": 21}, "walk_on_water": {"value": 72101, "rank": 14}, "win_raid": {"value": 0}}