{"aviate": {"value": 0}, "biomes": {"value": 22, "rank": 15}, "break_tools": {"value": 2, "rank": 26}, "breed": {"value": 0}, "climb": {"value": 7445, "rank": 12}, "collect_berries": {"value": 0}, "collect_shroom": {"value": 0}, "craft_armor": {"value": 8, "rank": 12}, "craft_beacon": {"value": 0}, "craft_bookshelf": {"value": 1, "rank": 11}, "craft_bread": {"value": 0}, "craft_bundle": {"value": 0}, "craft_clock": {"value": 0}, "craft_compass": {"value": 0}, "craft_ender_chest": {"value": 0}, "craft_glowstone": {"value": 0}, "craft_mineral_block": {"value": 109, "rank": 8}, "craft_paper": {"value": 0}, "craft_respawn_anchor": {"value": 0}, "craft_sponge": {"value": 0}, "craft_spyglass": {"value": 0}, "craft_sword": {"value": 4, "rank": 5}, "craft_tnt": {"value": 0}, "craft_tools": {"value": 14, "rank": 16}, "craft_turtle_helmet": {"value": 0}, "craft_wool": {"value": 0}, "crouch": {"value": 231863, "rank": 6}, "damage_dealt": {"value": 12232, "rank": 20}, "damage_shield": {"value": 0}, "damage_taken": {"value": 9792, "rank": 20}, "death": {"value": 28, "rank": 18}, "dive": {"value": 7356, "rank": 29}, "drink_milk": {"value": 0}, "drop": {"value": 75, "rank": 19}, "eat_cookie": {"value": 0}, "eat_fish": {"value": 0}, "eat_junkfood": {"value": 1, "rank": 22}, "eat_meat": {"value": 24, "rank": 13}, "eat_rawmeat": {"value": 0}, "eat_soup": {"value": 3, "rank": 3}, "eat_veggie": {"value": 4, "rank": 32}, "enchant": {"value": 32, "rank": 3}, "fall": {"value": 145182, "rank": 19}, "harvest_bamboo": {"value": 0}, "harvest_nether_wart": {"value": 0}, "harvest_sugar": {"value": 0}, "interact_anvil": {"value": 12, "rank": 9}, "interact_blast_furnace": {"value": 4, "rank": 2}, "interact_brewing_stand": {"value": 0}, "interact_campfire": {"value": 0}, "interact_cartography": {"value": 0}, "interact_grindstone": {"value": 18, "rank": 1}, "interact_lectern": {"value": 0}, "interact_loom": {"value": 0}, "interact_smoker": {"value": 0}, "interact_stonecutter": {"value": 0}, "jump": {"value": 3998, "rank": 20}, "kill_any": {"value": 66, "rank": 22}, "kill_blaze": {"value": 2, "rank": 9}, "kill_creeper": {"value": 3, "rank": 11}, "kill_endermite": {"value": 0}, "kill_ender_dragon": {"value": 0}, "kill_ghast": {"value": 0}, "kill_magma_cube": {"value": 1, "rank": 10}, "kill_phantom": {"value": 2, "rank": 6}, "kill_ravager": {"value": 0}, "kill_shulker": {"value": 0}, "kill_silverfish": {"value": 0}, "kill_slime": {"value": 0}, "kill_vex": {"value": 0}, "kill_witch": {"value": 0}, "kill_wither_skeleton": {"value": 2, "rank": 7}, "kill_bee": {"value": 0}, "kill_dolphin": {"value": 0}, "kill_enderman": {"value": 3, "rank": 7}, "kill_goat": {"value": 0}, "kill_iron_golem": {"value": 0}, "kill_panda": {"value": 0}, "kill_piglin": {"value": 8, "rank": 4}, "kill_polar_bear": {"value": 0}, "kill_snow_golem": {"value": 0}, "kill_zombie_pigman": {"value": 0}, "kill_zombified_piglin": {"value": 1, "rank": 10}, "kill_piglin_brute": {"value": 0}, "kill_axolotl": {"value": 0}, "kill_bat": {"value": 0}, "kill_chicken": {"value": 0}, "kill_cow": {"value": 4, "rank": 14}, "kill_horse": {"value": 0}, "kill_fox": {"value": 0}, "kill_mooshroom": {"value": 5, "rank": 1}, "kill_parrot": {"value": 1, "rank": 2}, "kill_pig": {"value": 0}, "kill_rabbit": {"value": 0}, "kill_sheep": {"value": 4, "rank": 17}, "kill_strider": {"value": 0}, "kill_turtle": {"value": 0}, "kill_villager": {"value": 0}, "kill_wandering_trader": {"value": 0}, "kill_wolf": {"value": 0}, "kill_ocelot": {"value": 0}, "kill_llama": {"value": 0}, "kill_zombie": {"value": 20, "rank": 20}, "kill_skeleton": {"value": 5, "rank": 23}, "kill_spider": {"value": 4, "rank": 21}, "kill_guardian": {"value": 0}, "kill_illagers": {"value": 0}, "kill_hoglins": {"value": 0}, "kill_fish": {"value": 0}, "kill_squid": {"value": 0}, "killed_by_creeper": {"value": 2, "rank": 18}, "mine_amethyst": {"value": 0}, "mine_cobweb": {"value": 0}, "mine_coral": {"value": 0}, "mine_dimensional": {"value": 4503, "rank": 5}, "mine_glass": {"value": 0}, "mine_grass": {"value": 9, "rank": 27}, "mine_ground": {"value": 55, "rank": 25}, "mine_ice": {"value": 0}, "mine_kelp": {"value": 0}, "mine_nether_foliage": {"value": 1, "rank": 7}, "mine_obsidian": {"value": 2, "rank": 11}, "mine_ancient_debris": {"value": 52, "rank": 2}, "mine_coal_ore": {"value": 7, "rank": 39}, "mine_iron_ore": {"value": 65, "rank": 23}, "mine_copper_ore": {"value": 0}, "mine_diamond_ore": {"value": 468, "rank": 2}, "mine_gold_ore": {"value": 24, "rank": 19}, "mine_emerald_ore": {"value": 0}, "mine_lapis_ore": {"value": 21, "rank": 9}, "mine_redstone_ore": {"value": 85, "rank": 4}, "mine_nether_quartz_ore": {"value": 2136, "rank": 2}, "mine_pointed_dripstone": {"value": 0}, "mine_snow": {"value": 0}, "mine_spawner": {"value": 0}, "mine_stone": {"value": 2216, "rank": 11}, "mine_wood": {"value": 38, "rank": 28}, "noteblock": {"value": 0}, "open_container": {"value": 25, "rank": 26}, "place_banner": {"value": 0}, "place_bars": {"value": 0}, "place_cactus": {"value": 0}, "place_candle": {"value": 0}, "place_chorus_flower": {"value": 0}, "place_conveyor": {"value": 0}, "place_electrics": {"value": 4, "rank": 12}, "place_glass": {"value": 0}, "place_lantern": {"value": 0}, "place_lightning_rod": {"value": 0}, "place_lodestone": {"value": 0}, "place_piston": {"value": 0}, "place_rails": {"value": 0}, "place_sapling": {"value": 0}, "place_scaffolding": {"value": 0}, "place_sign": {"value": 0}, "place_stairs": {"value": 0}, "place_torch": {"value": 14, "rank": 26}, "place_wall": {"value": 0}, "play": {"value": 368557, "rank": 16}, "play_record": {"value": 0}, "pot_flower": {"value": 0}, "ride_boat": {"value": 124718, "rank": 17}, "ride_horse": {"value": 0}, "ride_minecart": {"value": 0}, "ride_pig": {"value": 0}, "ride_strider": {"value": 0}, "ring_bell": {"value": 0}, "sleep": {"value": 1, "rank": 23}, "sprint": {"value": 370777, "rank": 24}, "swim": {"value": 4949, "rank": 27}, "time_since_death": {"value": 9395, "rank": 26}, "time_since_sleep": {"value": 9415, "rank": 25}, "trade": {"value": 0}, "trigger_raid": {"value": 0}, "use_book": {"value": 0}, "use_bow": {"value": 0}, "use_crossbow": {"value": 0}, "use_dirt": {"value": 7, "rank": 28}, "use_egg": {"value": 0}, "use_ender_eye": {"value": 0}, "use_ender_pearl": {"value": 1, "rank": 7}, "use_fireworks": {"value": 0}, "use_flint": {"value": 25, "rank": 3}, "use_hoe": {"value": 0}, "use_honey_bottle": {"value": 0}, "use_lava_bucket": {"value": 11, "rank": 6}, "use_potion": {"value": 0}, "use_shears": {"value": 0}, "use_snowball": {"value": 0}, "use_totem": {"value": 0}, "use_water_bucket": {"value": 8, "rank": 20}, "walk": {"value": 682517, "rank": 19}, "walk_on_water": {"value": 22282, "rank": 26}, "win_raid": {"value": 0}}