{"aviate": {"value": 5832028, "rank": 1}, "biomes": {"value": 22, "rank": 14}, "break_tools": {"value": 18, "rank": 5}, "breed": {"value": 0}, "climb": {"value": 602513, "rank": 1}, "collect_berries": {"value": 1, "rank": 11}, "collect_shroom": {"value": 2, "rank": 8}, "craft_armor": {"value": 14, "rank": 4}, "craft_beacon": {"value": 0}, "craft_bookshelf": {"value": 19, "rank": 7}, "craft_bread": {"value": 916, "rank": 1}, "craft_bundle": {"value": 0}, "craft_clock": {"value": 0}, "craft_compass": {"value": 0}, "craft_ender_chest": {"value": 1, "rank": 1}, "craft_glowstone": {"value": 0}, "craft_mineral_block": {"value": 233, "rank": 5}, "craft_paper": {"value": 63, "rank": 2}, "craft_respawn_anchor": {"value": 0}, "craft_sponge": {"value": 0}, "craft_spyglass": {"value": 0}, "craft_sword": {"value": 2, "rank": 15}, "craft_tnt": {"value": 0}, "craft_tools": {"value": 47, "rank": 7}, "craft_turtle_helmet": {"value": 0}, "craft_wool": {"value": 0}, "crouch": {"value": 250503, "rank": 5}, "damage_dealt": {"value": 90520, "rank": 5}, "damage_shield": {"value": 2250, "rank": 10}, "damage_taken": {"value": 39343, "rank": 7}, "death": {"value": 37, "rank": 15}, "dive": {"value": 59598, "rank": 12}, "drink_milk": {"value": 0}, "drop": {"value": 878, "rank": 2}, "eat_cookie": {"value": 0}, "eat_fish": {"value": 0}, "eat_junkfood": {"value": 70, "rank": 3}, "eat_meat": {"value": 200, "rank": 2}, "eat_rawmeat": {"value": 4, "rank": 6}, "eat_soup": {"value": 0}, "eat_veggie": {"value": 313, "rank": 5}, "enchant": {"value": 0}, "fall": {"value": 719802, "rank": 2}, "harvest_bamboo": {"value": 241, "rank": 5}, "harvest_nether_wart": {"value": 0}, "harvest_sugar": {"value": 770, "rank": 1}, "interact_anvil": {"value": 50, "rank": 2}, "interact_blast_furnace": {"value": 0}, "interact_brewing_stand": {"value": 5, "rank": 3}, "interact_campfire": {"value": 0}, "interact_cartography": {"value": 0}, "interact_grindstone": {"value": 0}, "interact_lectern": {"value": 0}, "interact_loom": {"value": 0}, "interact_smoker": {"value": 0}, "interact_stonecutter": {"value": 1, "rank": 7}, "jump": {"value": 28854, "rank": 2}, "kill_any": {"value": 821, "rank": 4}, "kill_blaze": {"value": 11, "rank": 6}, "kill_creeper": {"value": 28, "rank": 3}, "kill_endermite": {"value": 0}, "kill_ender_dragon": {"value": 0}, "kill_ghast": {"value": 0}, "kill_magma_cube": {"value": 6, "rank": 8}, "kill_phantom": {"value": 61, "rank": 2}, "kill_ravager": {"value": 0}, "kill_shulker": {"value": 32, "rank": 3}, "kill_silverfish": {"value": 0}, "kill_slime": {"value": 0}, "kill_vex": {"value": 0}, "kill_witch": {"value": 1, "rank": 7}, "kill_wither_skeleton": {"value": 66, "rank": 3}, "kill_bee": {"value": 0}, "kill_dolphin": {"value": 0}, "kill_enderman": {"value": 272, "rank": 3}, "kill_goat": {"value": 0}, "kill_iron_golem": {"value": 1, "rank": 4}, "kill_panda": {"value": 0}, "kill_piglin": {"value": 7, "rank": 5}, "kill_polar_bear": {"value": 0}, "kill_snow_golem": {"value": 0}, "kill_zombie_pigman": {"value": 0}, "kill_zombified_piglin": {"value": 0}, "kill_piglin_brute": {"value": 0}, "kill_axolotl": {"value": 0}, "kill_bat": {"value": 0}, "kill_chicken": {"value": 1, "rank": 23}, "kill_cow": {"value": 27, "rank": 1}, "kill_horse": {"value": 0}, "kill_fox": {"value": 0}, "kill_mooshroom": {"value": 0}, "kill_parrot": {"value": 0}, "kill_pig": {"value": 40, "rank": 1}, "kill_rabbit": {"value": 0}, "kill_sheep": {"value": 15, "rank": 7}, "kill_strider": {"value": 0}, "kill_turtle": {"value": 0}, "kill_villager": {"value": 12, "rank": 1}, "kill_wandering_trader": {"value": 0}, "kill_wolf": {"value": 0}, "kill_ocelot": {"value": 0}, "kill_llama": {"value": 0}, "kill_zombie": {"value": 128, "rank": 4}, "kill_skeleton": {"value": 57, "rank": 3}, "kill_spider": {"value": 27, "rank": 3}, "kill_guardian": {"value": 0}, "kill_illagers": {"value": 0}, "kill_hoglins": {"value": 0}, "kill_fish": {"value": 0}, "kill_squid": {"value": 1, "rank": 11}, "killed_by_creeper": {"value": 3, "rank": 15}, "mine_amethyst": {"value": 0}, "mine_cobweb": {"value": 0}, "mine_coral": {"value": 0}, "mine_dimensional": {"value": 2640, "rank": 8}, "mine_glass": {"value": 118, "rank": 3}, "mine_grass": {"value": 290, "rank": 7}, "mine_ground": {"value": 1594, "rank": 4}, "mine_ice": {"value": 0}, "mine_kelp": {"value": 17, "rank": 2}, "mine_nether_foliage": {"value": 0}, "mine_obsidian": {"value": 67, "rank": 2}, "mine_ancient_debris": {"value": 3, "rank": 10}, "mine_coal_ore": {"value": 396, "rank": 2}, "mine_iron_ore": {"value": 301, "rank": 4}, "mine_copper_ore": {"value": 58, "rank": 11}, "mine_diamond_ore": {"value": 26, "rank": 15}, "mine_gold_ore": {"value": 114, "rank": 4}, "mine_emerald_ore": {"value": 1, "rank": 9}, "mine_lapis_ore": {"value": 44, "rank": 3}, "mine_redstone_ore": {"value": 42, "rank": 8}, "mine_nether_quartz_ore": {"value": 610, "rank": 6}, "mine_pointed_dripstone": {"value": 0}, "mine_snow": {"value": 3, "rank": 11}, "mine_spawner": {"value": 0}, "mine_stone": {"value": 2335, "rank": 10}, "mine_wood": {"value": 549, "rank": 6}, "noteblock": {"value": 0}, "open_container": {"value": 949, "rank": 7}, "place_banner": {"value": 0}, "place_bars": {"value": 0}, "place_cactus": {"value": 0}, "place_candle": {"value": 0}, "place_chorus_flower": {"value": 0}, "place_conveyor": {"value": 15, "rank": 1}, "place_electrics": {"value": 63, "rank": 2}, "place_glass": {"value": 522, "rank": 3}, "place_lantern": {"value": 0}, "place_lightning_rod": {"value": 1, "rank": 3}, "place_lodestone": {"value": 0}, "place_piston": {"value": 33, "rank": 1}, "place_rails": {"value": 282, "rank": 1}, "place_sapling": {"value": 6, "rank": 10}, "place_scaffolding": {"value": 148, "rank": 1}, "place_sign": {"value": 48, "rank": 2}, "place_stairs": {"value": 59, "rank": 4}, "place_torch": {"value": 571, "rank": 5}, "place_wall": {"value": 198, "rank": 1}, "play": {"value": 2505745, "rank": 3}, "play_record": {"value": 0}, "pot_flower": {"value": 0}, "ride_boat": {"value": 738708, "rank": 11}, "ride_horse": {"value": 13070, "rank": 8}, "ride_minecart": {"value": 2726, "rank": 1}, "ride_pig": {"value": 0}, "ride_strider": {"value": 0}, "ring_bell": {"value": 24, "rank": 3}, "sleep": {"value": 3, "rank": 17}, "sprint": {"value": 3738780, "rank": 4}, "swim": {"value": 64228, "rank": 13}, "time_since_death": {"value": 396766, "rank": 2}, "time_since_sleep": {"value": 24498, "rank": 15}, "trade": {"value": 1290, "rank": 1}, "trigger_raid": {"value": 0}, "use_book": {"value": 0}, "use_bow": {"value": 7, "rank": 6}, "use_crossbow": {"value": 0}, "use_dirt": {"value": 990, "rank": 4}, "use_egg": {"value": 0}, "use_ender_eye": {"value": 0}, "use_ender_pearl": {"value": 0}, "use_fireworks": {"value": 141, "rank": 1}, "use_flint": {"value": 3, "rank": 10}, "use_hoe": {"value": 359, "rank": 4}, "use_honey_bottle": {"value": 0}, "use_lava_bucket": {"value": 14, "rank": 4}, "use_potion": {"value": 3, "rank": 4}, "use_shears": {"value": 0}, "use_snowball": {"value": 0}, "use_totem": {"value": 0}, "use_water_bucket": {"value": 147, "rank": 5}, "walk": {"value": 6272108, "rank": 4}, "walk_on_water": {"value": 133318, "rank": 11}, "win_raid": {"value": 0}}