{"aviate": {"value": 0}, "biomes": {"value": 29, "rank": 5}, "break_tools": {"value": 8, "rank": 15}, "breed": {"value": 0}, "climb": {"value": 4761, "rank": 16}, "collect_berries": {"value": 0}, "collect_shroom": {"value": 0}, "craft_armor": {"value": 26, "rank": 2}, "craft_beacon": {"value": 0}, "craft_bookshelf": {"value": 3, "rank": 10}, "craft_bread": {"value": 72, "rank": 4}, "craft_bundle": {"value": 0}, "craft_clock": {"value": 1, "rank": 1}, "craft_compass": {"value": 0}, "craft_ender_chest": {"value": 0}, "craft_glowstone": {"value": 0}, "craft_mineral_block": {"value": 6, "rank": 15}, "craft_paper": {"value": 0}, "craft_respawn_anchor": {"value": 0}, "craft_sponge": {"value": 0}, "craft_spyglass": {"value": 0}, "craft_sword": {"value": 28, "rank": 2}, "craft_tnt": {"value": 0}, "craft_tools": {"value": 86, "rank": 1}, "craft_turtle_helmet": {"value": 0}, "craft_wool": {"value": 0}, "crouch": {"value": 75079, "rank": 13}, "damage_dealt": {"value": 29872, "rank": 13}, "damage_shield": {"value": 0}, "damage_taken": {"value": 32626, "rank": 9}, "death": {"value": 104, "rank": 6}, "dive": {"value": 289028, "rank": 6}, "drink_milk": {"value": 0}, "drop": {"value": 131, "rank": 13}, "eat_cookie": {"value": 0}, "eat_fish": {"value": 43, "rank": 3}, "eat_junkfood": {"value": 6, "rank": 14}, "eat_meat": {"value": 20, "rank": 15}, "eat_rawmeat": {"value": 6, "rank": 4}, "eat_soup": {"value": 0}, "eat_veggie": {"value": 56, "rank": 13}, "enchant": {"value": 8, "rank": 9}, "fall": {"value": 377093, "rank": 7}, "harvest_bamboo": {"value": 9952, "rank": 1}, "harvest_nether_wart": {"value": 0}, "harvest_sugar": {"value": 5, "rank": 19}, "interact_anvil": {"value": 18, "rank": 6}, "interact_blast_furnace": {"value": 0}, "interact_brewing_stand": {"value": 1, "rank": 8}, "interact_campfire": {"value": 0}, "interact_cartography": {"value": 0}, "interact_grindstone": {"value": 0}, "interact_lectern": {"value": 2, "rank": 1}, "interact_loom": {"value": 0}, "interact_smoker": {"value": 0}, "interact_stonecutter": {"value": 0}, "jump": {"value": 14885, "rank": 7}, "kill_any": {"value": 111, "rank": 15}, "kill_blaze": {"value": 0}, "kill_creeper": {"value": 1, "rank": 18}, "kill_endermite": {"value": 0}, "kill_ender_dragon": {"value": 0}, "kill_ghast": {"value": 0}, "kill_magma_cube": {"value": 0}, "kill_phantom": {"value": 0}, "kill_ravager": {"value": 0}, "kill_shulker": {"value": 0}, "kill_silverfish": {"value": 0}, "kill_slime": {"value": 4, "rank": 7}, "kill_vex": {"value": 0}, "kill_witch": {"value": 1, "rank": 6}, "kill_wither_skeleton": {"value": 0}, "kill_bee": {"value": 1, "rank": 2}, "kill_dolphin": {"value": 2, "rank": 1}, "kill_enderman": {"value": 0}, "kill_goat": {"value": 0}, "kill_iron_golem": {"value": 13, "rank": 1}, "kill_panda": {"value": 0}, "kill_piglin": {"value": 0}, "kill_polar_bear": {"value": 0}, "kill_snow_golem": {"value": 0}, "kill_zombie_pigman": {"value": 0}, "kill_zombified_piglin": {"value": 0}, "kill_piglin_brute": {"value": 0}, "kill_axolotl": {"value": 0}, "kill_bat": {"value": 0}, "kill_chicken": {"value": 2, "rank": 13}, "kill_cow": {"value": 0}, "kill_horse": {"value": 0}, "kill_fox": {"value": 0}, "kill_mooshroom": {"value": 0}, "kill_parrot": {"value": 0}, "kill_pig": {"value": 3, "rank": 17}, "kill_rabbit": {"value": 0}, "kill_sheep": {"value": 2, "rank": 24}, "kill_strider": {"value": 0}, "kill_turtle": {"value": 0}, "kill_villager": {"value": 2, "rank": 3}, "kill_wandering_trader": {"value": 0}, "kill_wolf": {"value": 1, "rank": 2}, "kill_ocelot": {"value": 0}, "kill_llama": {"value": 0}, "kill_zombie": {"value": 49, "rank": 10}, "kill_skeleton": {"value": 14, "rank": 15}, "kill_spider": {"value": 11, "rank": 11}, "kill_guardian": {"value": 0}, "kill_illagers": {"value": 1, "rank": 11}, "kill_hoglins": {"value": 0}, "kill_fish": {"value": 1, "rank": 6}, "kill_squid": {"value": 2, "rank": 8}, "killed_by_creeper": {"value": 10, "rank": 4}, "mine_amethyst": {"value": 0}, "mine_cobweb": {"value": 7, "rank": 8}, "mine_coral": {"value": 0}, "mine_dimensional": {"value": 169, "rank": 16}, "mine_glass": {"value": 0}, "mine_grass": {"value": 134, "rank": 11}, "mine_ground": {"value": 519, "rank": 13}, "mine_ice": {"value": 0}, "mine_kelp": {"value": 6, "rank": 3}, "mine_nether_foliage": {"value": 0}, "mine_obsidian": {"value": 25, "rank": 5}, "mine_ancient_debris": {"value": 0}, "mine_coal_ore": {"value": 183, "rank": 9}, "mine_iron_ore": {"value": 143, "rank": 7}, "mine_copper_ore": {"value": 280, "rank": 2}, "mine_diamond_ore": {"value": 12, "rank": 21}, "mine_gold_ore": {"value": 30, "rank": 14}, "mine_emerald_ore": {"value": 0}, "mine_lapis_ore": {"value": 16, "rank": 10}, "mine_redstone_ore": {"value": 44, "rank": 7}, "mine_nether_quartz_ore": {"value": 2, "rank": 17}, "mine_pointed_dripstone": {"value": 1, "rank": 8}, "mine_snow": {"value": 0}, "mine_spawner": {"value": 1, "rank": 6}, "mine_stone": {"value": 3263, "rank": 7}, "mine_wood": {"value": 89, "rank": 16}, "noteblock": {"value": 0}, "open_container": {"value": 357, "rank": 11}, "place_banner": {"value": 0}, "place_bars": {"value": 0}, "place_cactus": {"value": 1, "rank": 1}, "place_candle": {"value": 0}, "place_chorus_flower": {"value": 0}, "place_conveyor": {"value": 0}, "place_electrics": {"value": 4, "rank": 11}, "place_glass": {"value": 0}, "place_lantern": {"value": 0}, "place_lightning_rod": {"value": 0}, "place_lodestone": {"value": 0}, "place_piston": {"value": 0}, "place_rails": {"value": 0}, "place_sapling": {"value": 4, "rank": 13}, "place_scaffolding": {"value": 0}, "place_sign": {"value": 1, "rank": 12}, "place_stairs": {"value": 0}, "place_torch": {"value": 592, "rank": 4}, "place_wall": {"value": 0}, "play": {"value": 1104941, "rank": 11}, "play_record": {"value": 0}, "pot_flower": {"value": 0}, "ride_boat": {"value": 3754719, "rank": 3}, "ride_horse": {"value": 44431, "rank": 4}, "ride_minecart": {"value": 0}, "ride_pig": {"value": 0}, "ride_strider": {"value": 0}, "ring_bell": {"value": 1, "rank": 8}, "sleep": {"value": 13, "rank": 2}, "sprint": {"value": 2121359, "rank": 7}, "swim": {"value": 154480, "rank": 8}, "time_since_death": {"value": 1121, "rank": 34}, "time_since_sleep": {"value": 1141, "rank": 34}, "trade": {"value": 212, "rank": 2}, "trigger_raid": {"value": 0}, "use_book": {"value": 5, "rank": 1}, "use_bow": {"value": 0}, "use_crossbow": {"value": 0}, "use_dirt": {"value": 534, "rank": 9}, "use_egg": {"value": 0}, "use_ender_eye": {"value": 0}, "use_ender_pearl": {"value": 0}, "use_fireworks": {"value": 0}, "use_flint": {"value": 6, "rank": 7}, "use_hoe": {"value": 30, "rank": 13}, "use_honey_bottle": {"value": 0}, "use_lava_bucket": {"value": 0}, "use_potion": {"value": 0}, "use_shears": {"value": 6, "rank": 9}, "use_snowball": {"value": 0}, "use_totem": {"value": 0}, "use_water_bucket": {"value": 111, "rank": 7}, "walk": {"value": 2225567, "rank": 11}, "walk_on_water": {"value": 172043, "rank": 7}, "win_raid": {"value": 0}}