{"aviate": {"value": 0}, "biomes": {"value": 25, "rank": 9}, "break_tools": {"value": 15, "rank": 7}, "breed": {"value": 0}, "climb": {"value": 75894, "rank": 6}, "collect_berries": {"value": 0}, "collect_shroom": {"value": 16, "rank": 4}, "craft_armor": {"value": 15, "rank": 3}, "craft_beacon": {"value": 0}, "craft_bookshelf": {"value": 0}, "craft_bread": {"value": 5, "rank": 17}, "craft_bundle": {"value": 0}, "craft_clock": {"value": 0}, "craft_compass": {"value": 0}, "craft_ender_chest": {"value": 0}, "craft_glowstone": {"value": 0}, "craft_mineral_block": {"value": 151, "rank": 6}, "craft_paper": {"value": 0}, "craft_respawn_anchor": {"value": 0}, "craft_sponge": {"value": 0}, "craft_spyglass": {"value": 0}, "craft_sword": {"value": 28, "rank": 1}, "craft_tnt": {"value": 0}, "craft_tools": {"value": 39, "rank": 8}, "craft_turtle_helmet": {"value": 0}, "craft_wool": {"value": 0}, "crouch": {"value": 131356, "rank": 8}, "damage_dealt": {"value": 128838, "rank": 3}, "damage_shield": {"value": 12256, "rank": 3}, "damage_taken": {"value": 60300, "rank": 3}, "death": {"value": 183, "rank": 2}, "dive": {"value": 463435, "rank": 3}, "drink_milk": {"value": 0}, "drop": {"value": 306, "rank": 8}, "eat_cookie": {"value": 0}, "eat_fish": {"value": 62, "rank": 2}, "eat_junkfood": {"value": 18, "rank": 9}, "eat_meat": {"value": 32, "rank": 11}, "eat_rawmeat": {"value": 1, "rank": 9}, "eat_soup": {"value": 5, "rank": 2}, "eat_veggie": {"value": 260, "rank": 7}, "enchant": {"value": 33, "rank": 2}, "fall": {"value": 158154, "rank": 16}, "harvest_bamboo": {"value": 7, "rank": 13}, "harvest_nether_wart": {"value": 0}, "harvest_sugar": {"value": 19, "rank": 11}, "interact_anvil": {"value": 21, "rank": 5}, "interact_blast_furnace": {"value": 0}, "interact_brewing_stand": {"value": 1, "rank": 7}, "interact_campfire": {"value": 0}, "interact_cartography": {"value": 0}, "interact_grindstone": {"value": 0}, "interact_lectern": {"value": 0}, "interact_loom": {"value": 0}, "interact_smoker": {"value": 0}, "interact_stonecutter": {"value": 0}, "jump": {"value": 7449, "rank": 13}, "kill_any": {"value": 989, "rank": 3}, "kill_blaze": {"value": 93, "rank": 3}, "kill_creeper": {"value": 20, "rank": 4}, "kill_endermite": {"value": 0}, "kill_ender_dragon": {"value": 0}, "kill_ghast": {"value": 11, "rank": 1}, "kill_magma_cube": {"value": 123, "rank": 1}, "kill_phantom": {"value": 10, "rank": 4}, "kill_ravager": {"value": 0}, "kill_shulker": {"value": 0}, "kill_silverfish": {"value": 0}, "kill_slime": {"value": 36, "rank": 4}, "kill_vex": {"value": 0}, "kill_witch": {"value": 1, "rank": 5}, "kill_wither_skeleton": {"value": 84, "rank": 2}, "kill_bee": {"value": 0}, "kill_dolphin": {"value": 0}, "kill_enderman": {"value": 3, "rank": 6}, "kill_goat": {"value": 0}, "kill_iron_golem": {"value": 0}, "kill_panda": {"value": 0}, "kill_piglin": {"value": 27, "rank": 1}, "kill_polar_bear": {"value": 0}, "kill_snow_golem": {"value": 0}, "kill_zombie_pigman": {"value": 0}, "kill_zombified_piglin": {"value": 398, "rank": 1}, "kill_piglin_brute": {"value": 0}, "kill_axolotl": {"value": 0}, "kill_bat": {"value": 0}, "kill_chicken": {"value": 4, "rank": 10}, "kill_cow": {"value": 14, "rank": 7}, "kill_horse": {"value": 0}, "kill_fox": {"value": 0}, "kill_mooshroom": {"value": 0}, "kill_parrot": {"value": 0}, "kill_pig": {"value": 2, "rank": 19}, "kill_rabbit": {"value": 4, "rank": 1}, "kill_sheep": {"value": 2, "rank": 23}, "kill_strider": {"value": 2, "rank": 1}, "kill_turtle": {"value": 0}, "kill_villager": {"value": 0}, "kill_wandering_trader": {"value": 0}, "kill_wolf": {"value": 0}, "kill_ocelot": {"value": 0}, "kill_llama": {"value": 0}, "kill_zombie": {"value": 46, "rank": 11}, "kill_skeleton": {"value": 27, "rank": 5}, "kill_spider": {"value": 18, "rank": 7}, "kill_guardian": {"value": 22, "rank": 2}, "kill_illagers": {"value": 0}, "kill_hoglins": {"value": 3, "rank": 2}, "kill_fish": {"value": 4, "rank": 3}, "kill_squid": {"value": 5, "rank": 4}, "killed_by_creeper": {"value": 0}, "mine_amethyst": {"value": 0}, "mine_cobweb": {"value": 103, "rank": 1}, "mine_coral": {"value": 56, "rank": 3}, "mine_dimensional": {"value": 5249, "rank": 4}, "mine_glass": {"value": 29, "rank": 7}, "mine_grass": {"value": 8, "rank": 28}, "mine_ground": {"value": 291, "rank": 16}, "mine_ice": {"value": 67, "rank": 4}, "mine_kelp": {"value": 0}, "mine_nether_foliage": {"value": 3, "rank": 3}, "mine_obsidian": {"value": 1, "rank": 13}, "mine_ancient_debris": {"value": 19, "rank": 6}, "mine_coal_ore": {"value": 107, "rank": 13}, "mine_iron_ore": {"value": 103, "rank": 12}, "mine_copper_ore": {"value": 28, "rank": 13}, "mine_diamond_ore": {"value": 22, "rank": 17}, "mine_gold_ore": {"value": 127, "rank": 3}, "mine_emerald_ore": {"value": 0}, "mine_lapis_ore": {"value": 13, "rank": 14}, "mine_redstone_ore": {"value": 20, "rank": 14}, "mine_nether_quartz_ore": {"value": 1267, "rank": 3}, "mine_pointed_dripstone": {"value": 0}, "mine_snow": {"value": 0}, "mine_spawner": {"value": 1, "rank": 5}, "mine_stone": {"value": 4015, "rank": 5}, "mine_wood": {"value": 32, "rank": 31}, "noteblock": {"value": 17, "rank": 1}, "open_container": {"value": 983, "rank": 6}, "place_banner": {"value": 0}, "place_bars": {"value": 1, "rank": 5}, "place_cactus": {"value": 0}, "place_candle": {"value": 0}, "place_chorus_flower": {"value": 0}, "place_conveyor": {"value": 6, "rank": 4}, "place_electrics": {"value": 67, "rank": 1}, "place_glass": {"value": 103, "rank": 8}, "place_lantern": {"value": 0}, "place_lightning_rod": {"value": 0}, "place_lodestone": {"value": 0}, "place_piston": {"value": 24, "rank": 2}, "place_rails": {"value": 41, "rank": 3}, "place_sapling": {"value": 3, "rank": 16}, "place_scaffolding": {"value": 0}, "place_sign": {"value": 10, "rank": 8}, "place_stairs": {"value": 19, "rank": 8}, "place_torch": {"value": 248, "rank": 9}, "place_wall": {"value": 0}, "play": {"value": 1309670, "rank": 9}, "play_record": {"value": 0}, "pot_flower": {"value": 0}, "ride_boat": {"value": 1461891, "rank": 5}, "ride_horse": {"value": 36209, "rank": 5}, "ride_minecart": {"value": 0}, "ride_pig": {"value": 0}, "ride_strider": {"value": 0}, "ring_bell": {"value": 0}, "sleep": {"value": 6, "rank": 10}, "sprint": {"value": 1456175, "rank": 11}, "swim": {"value": 797279, "rank": 2}, "time_since_death": {"value": 33658, "rank": 15}, "time_since_sleep": {"value": 33680, "rank": 12}, "trade": {"value": 0}, "trigger_raid": {"value": 0}, "use_book": {"value": 0}, "use_bow": {"value": 358, "rank": 1}, "use_crossbow": {"value": 0}, "use_dirt": {"value": 39, "rank": 24}, "use_egg": {"value": 25, "rank": 5}, "use_ender_eye": {"value": 0}, "use_ender_pearl": {"value": 0}, "use_fireworks": {"value": 0}, "use_flint": {"value": 0}, "use_hoe": {"value": 0}, "use_honey_bottle": {"value": 0}, "use_lava_bucket": {"value": 0}, "use_potion": {"value": 0}, "use_shears": {"value": 51, "rank": 6}, "use_snowball": {"value": 10, "rank": 5}, "use_totem": {"value": 0}, "use_water_bucket": {"value": 52, "rank": 10}, "walk": {"value": 4665112, "rank": 6}, "walk_on_water": {"value": 102133, "rank": 12}, "win_raid": {"value": 0}}