{"aviate": {"value": 0}, "biomes": {"value": 16, "rank": 21}, "break_tools": {"value": 14, "rank": 9}, "breed": {"value": 0}, "climb": {"value": 4667, "rank": 17}, "collect_berries": {"value": 6, "rank": 8}, "collect_shroom": {"value": 0}, "craft_armor": {"value": 13, "rank": 5}, "craft_beacon": {"value": 0}, "craft_bookshelf": {"value": 19, "rank": 6}, "craft_bread": {"value": 11, "rank": 16}, "craft_bundle": {"value": 0}, "craft_clock": {"value": 0}, "craft_compass": {"value": 0}, "craft_ender_chest": {"value": 0}, "craft_glowstone": {"value": 0}, "craft_mineral_block": {"value": 7, "rank": 14}, "craft_paper": {"value": 0}, "craft_respawn_anchor": {"value": 0}, "craft_sponge": {"value": 0}, "craft_spyglass": {"value": 0}, "craft_sword": {"value": 0}, "craft_tnt": {"value": 0}, "craft_tools": {"value": 29, "rank": 10}, "craft_turtle_helmet": {"value": 0}, "craft_wool": {"value": 0}, "crouch": {"value": 27697, "rank": 18}, "damage_dealt": {"value": 30289, "rank": 12}, "damage_shield": {"value": 5089, "rank": 7}, "damage_taken": {"value": 18105, "rank": 14}, "death": {"value": 60, "rank": 13}, "dive": {"value": 12055, "rank": 25}, "drink_milk": {"value": 0}, "drop": {"value": 334, "rank": 7}, "eat_cookie": {"value": 0}, "eat_fish": {"value": 0}, "eat_junkfood": {"value": 45, "rank": 5}, "eat_meat": {"value": 30, "rank": 12}, "eat_rawmeat": {"value": 17, "rank": 2}, "eat_soup": {"value": 0}, "eat_veggie": {"value": 35, "rank": 17}, "enchant": {"value": 11, "rank": 5}, "fall": {"value": 324585, "rank": 9}, "harvest_bamboo": {"value": 0}, "harvest_nether_wart": {"value": 0}, "harvest_sugar": {"value": 10, "rank": 14}, "interact_anvil": {"value": 8, "rank": 12}, "interact_blast_furnace": {"value": 0}, "interact_brewing_stand": {"value": 0}, "interact_campfire": {"value": 0}, "interact_cartography": {"value": 0}, "interact_grindstone": {"value": 0}, "interact_lectern": {"value": 0}, "interact_loom": {"value": 0}, "interact_smoker": {"value": 0}, "interact_stonecutter": {"value": 0}, "jump": {"value": 10826, "rank": 11}, "kill_any": {"value": 141, "rank": 13}, "kill_blaze": {"value": 0}, "kill_creeper": {"value": 2, "rank": 14}, "kill_endermite": {"value": 0}, "kill_ender_dragon": {"value": 0}, "kill_ghast": {"value": 0}, "kill_magma_cube": {"value": 0}, "kill_phantom": {"value": 0}, "kill_ravager": {"value": 0}, "kill_shulker": {"value": 0}, "kill_silverfish": {"value": 2, "rank": 4}, "kill_slime": {"value": 0}, "kill_vex": {"value": 0}, "kill_witch": {"value": 1, "rank": 4}, "kill_wither_skeleton": {"value": 0}, "kill_bee": {"value": 0}, "kill_dolphin": {"value": 0}, "kill_enderman": {"value": 1, "rank": 10}, "kill_goat": {"value": 1, "rank": 3}, "kill_iron_golem": {"value": 2, "rank": 2}, "kill_panda": {"value": 0}, "kill_piglin": {"value": 0}, "kill_polar_bear": {"value": 0}, "kill_snow_golem": {"value": 0}, "kill_zombie_pigman": {"value": 0}, "kill_zombified_piglin": {"value": 1, "rank": 9}, "kill_piglin_brute": {"value": 0}, "kill_axolotl": {"value": 0}, "kill_bat": {"value": 0}, "kill_chicken": {"value": 1, "rank": 21}, "kill_cow": {"value": 13, "rank": 8}, "kill_horse": {"value": 0}, "kill_fox": {"value": 0}, "kill_mooshroom": {"value": 0}, "kill_parrot": {"value": 0}, "kill_pig": {"value": 6, "rank": 13}, "kill_rabbit": {"value": 0}, "kill_sheep": {"value": 4, "rank": 16}, "kill_strider": {"value": 0}, "kill_turtle": {"value": 0}, "kill_villager": {"value": 0}, "kill_wandering_trader": {"value": 0}, "kill_wolf": {"value": 0}, "kill_ocelot": {"value": 0}, "kill_llama": {"value": 0}, "kill_zombie": {"value": 71, "rank": 7}, "kill_skeleton": {"value": 23, "rank": 7}, "kill_spider": {"value": 11, "rank": 10}, "kill_guardian": {"value": 0}, "kill_illagers": {"value": 0}, "kill_hoglins": {"value": 0}, "kill_fish": {"value": 0}, "kill_squid": {"value": 0}, "killed_by_creeper": {"value": 4, "rank": 9}, "mine_amethyst": {"value": 0}, "mine_cobweb": {"value": 0}, "mine_coral": {"value": 0}, "mine_dimensional": {"value": 3901, "rank": 7}, "mine_glass": {"value": 0}, "mine_grass": {"value": 48, "rank": 18}, "mine_ground": {"value": 213, "rank": 19}, "mine_ice": {"value": 0}, "mine_kelp": {"value": 0}, "mine_nether_foliage": {"value": 0}, "mine_obsidian": {"value": 20, "rank": 6}, "mine_ancient_debris": {"value": 23, "rank": 5}, "mine_coal_ore": {"value": 126, "rank": 11}, "mine_iron_ore": {"value": 119, "rank": 9}, "mine_copper_ore": {"value": 90, "rank": 9}, "mine_diamond_ore": {"value": 251, "rank": 3}, "mine_gold_ore": {"value": 26, "rank": 17}, "mine_emerald_ore": {"value": 1, "rank": 8}, "mine_lapis_ore": {"value": 26, "rank": 5}, "mine_redstone_ore": {"value": 28, "rank": 11}, "mine_nether_quartz_ore": {"value": 40, "rank": 13}, "mine_pointed_dripstone": {"value": 0}, "mine_snow": {"value": 0}, "mine_spawner": {"value": 0}, "mine_stone": {"value": 2867, "rank": 8}, "mine_wood": {"value": 174, "rank": 11}, "noteblock": {"value": 0}, "open_container": {"value": 123, "rank": 16}, "place_banner": {"value": 0}, "place_bars": {"value": 0}, "place_cactus": {"value": 0}, "place_candle": {"value": 0}, "place_chorus_flower": {"value": 0}, "place_conveyor": {"value": 0}, "place_electrics": {"value": 0}, "place_glass": {"value": 0}, "place_lantern": {"value": 0}, "place_lightning_rod": {"value": 0}, "place_lodestone": {"value": 0}, "place_piston": {"value": 0}, "place_rails": {"value": 0}, "place_sapling": {"value": 4, "rank": 12}, "place_scaffolding": {"value": 0}, "place_sign": {"value": 0}, "place_stairs": {"value": 0}, "place_torch": {"value": 60, "rank": 19}, "place_wall": {"value": 0}, "play": {"value": 645927, "rank": 15}, "play_record": {"value": 0}, "pot_flower": {"value": 0}, "ride_boat": {"value": 0}, "ride_horse": {"value": 10754, "rank": 9}, "ride_minecart": {"value": 0}, "ride_pig": {"value": 0}, "ride_strider": {"value": 0}, "ring_bell": {"value": 0}, "sleep": {"value": 5, "rank": 11}, "sprint": {"value": 979436, "rank": 13}, "swim": {"value": 1904, "rank": 30}, "time_since_death": {"value": 22479, "rank": 19}, "time_since_sleep": {"value": 22499, "rank": 17}, "trade": {"value": 0}, "trigger_raid": {"value": 0}, "use_book": {"value": 0}, "use_bow": {"value": 0}, "use_crossbow": {"value": 0}, "use_dirt": {"value": 310, "rank": 11}, "use_egg": {"value": 0}, "use_ender_eye": {"value": 0}, "use_ender_pearl": {"value": 0}, "use_fireworks": {"value": 0}, "use_flint": {"value": 4, "rank": 8}, "use_hoe": {"value": 0}, "use_honey_bottle": {"value": 0}, "use_lava_bucket": {"value": 5, "rank": 11}, "use_potion": {"value": 0}, "use_shears": {"value": 0}, "use_snowball": {"value": 0}, "use_totem": {"value": 0}, "use_water_bucket": {"value": 83, "rank": 8}, "walk": {"value": 1504797, "rank": 14}, "walk_on_water": {"value": 46562, "rank": 17}, "win_raid": {"value": 0}}