{"aviate": {"value": 0}, "biomes": {"value": 20, "rank": 16}, "break_tools": {"value": 3, "rank": 21}, "breed": {"value": 0}, "climb": {"value": 2129, "rank": 27}, "collect_berries": {"value": 0}, "collect_shroom": {"value": 0}, "craft_armor": {"value": 1, "rank": 31}, "craft_beacon": {"value": 0}, "craft_bookshelf": {"value": 0}, "craft_bread": {"value": 0}, "craft_bundle": {"value": 0}, "craft_clock": {"value": 0}, "craft_compass": {"value": 0}, "craft_ender_chest": {"value": 0}, "craft_glowstone": {"value": 0}, "craft_mineral_block": {"value": 0}, "craft_paper": {"value": 0}, "craft_respawn_anchor": {"value": 0}, "craft_sponge": {"value": 0}, "craft_spyglass": {"value": 0}, "craft_sword": {"value": 0}, "craft_tnt": {"value": 0}, "craft_tools": {"value": 7, "rank": 33}, "craft_turtle_helmet": {"value": 0}, "craft_wool": {"value": 0}, "crouch": {"value": 2254, "rank": 39}, "damage_dealt": {"value": 10193, "rank": 22}, "damage_shield": {"value": 455, "rank": 19}, "damage_taken": {"value": 4800, "rank": 24}, "death": {"value": 14, "rank": 25}, "dive": {"value": 46181, "rank": 15}, "drink_milk": {"value": 0}, "drop": {"value": 24, "rank": 26}, "eat_cookie": {"value": 0}, "eat_fish": {"value": 0}, "eat_junkfood": {"value": 0}, "eat_meat": {"value": 13, "rank": 18}, "eat_rawmeat": {"value": 0}, "eat_soup": {"value": 0}, "eat_veggie": {"value": 3, "rank": 33}, "enchant": {"value": 0}, "fall": {"value": 37324, "rank": 34}, "harvest_bamboo": {"value": 7, "rank": 12}, "harvest_nether_wart": {"value": 0}, "harvest_sugar": {"value": 1, "rank": 21}, "interact_anvil": {"value": 0}, "interact_blast_furnace": {"value": 0}, "interact_brewing_stand": {"value": 0}, "interact_campfire": {"value": 0}, "interact_cartography": {"value": 0}, "interact_grindstone": {"value": 0}, "interact_lectern": {"value": 0}, "interact_loom": {"value": 0}, "interact_smoker": {"value": 0}, "interact_stonecutter": {"value": 0}, "jump": {"value": 1971, "rank": 28}, "kill_any": {"value": 85, "rank": 19}, "kill_blaze": {"value": 0}, "kill_creeper": {"value": 0}, "kill_endermite": {"value": 0}, "kill_ender_dragon": {"value": 0}, "kill_ghast": {"value": 0}, "kill_magma_cube": {"value": 0}, "kill_phantom": {"value": 0}, "kill_ravager": {"value": 0}, "kill_shulker": {"value": 0}, "kill_silverfish": {"value": 0}, "kill_slime": {"value": 0}, "kill_vex": {"value": 0}, "kill_witch": {"value": 0}, "kill_wither_skeleton": {"value": 0}, "kill_bee": {"value": 0}, "kill_dolphin": {"value": 0}, "kill_enderman": {"value": 0}, "kill_goat": {"value": 0}, "kill_iron_golem": {"value": 0}, "kill_panda": {"value": 0}, "kill_piglin": {"value": 0}, "kill_polar_bear": {"value": 0}, "kill_snow_golem": {"value": 0}, "kill_zombie_pigman": {"value": 0}, "kill_zombified_piglin": {"value": 0}, "kill_piglin_brute": {"value": 0}, "kill_axolotl": {"value": 0}, "kill_bat": {"value": 0}, "kill_chicken": {"value": 5, "rank": 8}, "kill_cow": {"value": 8, "rank": 11}, "kill_horse": {"value": 0}, "kill_fox": {"value": 0}, "kill_mooshroom": {"value": 0}, "kill_parrot": {"value": 0}, "kill_pig": {"value": 7, "rank": 11}, "kill_rabbit": {"value": 0}, "kill_sheep": {"value": 36, "rank": 2}, "kill_strider": {"value": 0}, "kill_turtle": {"value": 0}, "kill_villager": {"value": 0}, "kill_wandering_trader": {"value": 0}, "kill_wolf": {"value": 0}, "kill_ocelot": {"value": 0}, "kill_llama": {"value": 0}, "kill_zombie": {"value": 20, "rank": 19}, "kill_skeleton": {"value": 4, "rank": 27}, "kill_spider": {"value": 2, "rank": 27}, "kill_guardian": {"value": 0}, "kill_illagers": {"value": 2, "rank": 9}, "kill_hoglins": {"value": 0}, "kill_fish": {"value": 0}, "kill_squid": {"value": 1, "rank": 10}, "killed_by_creeper": {"value": 3, "rank": 14}, "mine_amethyst": {"value": 0}, "mine_cobweb": {"value": 0}, "mine_coral": {"value": 0}, "mine_dimensional": {"value": 8, "rank": 25}, "mine_glass": {"value": 0}, "mine_grass": {"value": 13, "rank": 25}, "mine_ground": {"value": 30, "rank": 32}, "mine_ice": {"value": 0}, "mine_kelp": {"value": 0}, "mine_nether_foliage": {"value": 0}, "mine_obsidian": {"value": 0}, "mine_ancient_debris": {"value": 0}, "mine_coal_ore": {"value": 17, "rank": 36}, "mine_iron_ore": {"value": 18, "rank": 28}, "mine_copper_ore": {"value": 2, "rank": 27}, "mine_diamond_ore": {"value": 0}, "mine_gold_ore": {"value": 22, "rank": 21}, "mine_emerald_ore": {"value": 0}, "mine_lapis_ore": {"value": 6, "rank": 23}, "mine_redstone_ore": {"value": 12, "rank": 17}, "mine_nether_quartz_ore": {"value": 0}, "mine_pointed_dripstone": {"value": 0}, "mine_snow": {"value": 0}, "mine_spawner": {"value": 0}, "mine_stone": {"value": 253, "rank": 29}, "mine_wood": {"value": 22, "rank": 34}, "noteblock": {"value": 0}, "open_container": {"value": 50, "rank": 20}, "place_banner": {"value": 0}, "place_bars": {"value": 0}, "place_cactus": {"value": 0}, "place_candle": {"value": 0}, "place_chorus_flower": {"value": 0}, "place_conveyor": {"value": 0}, "place_electrics": {"value": 0}, "place_glass": {"value": 0}, "place_lantern": {"value": 0}, "place_lightning_rod": {"value": 0}, "place_lodestone": {"value": 0}, "place_piston": {"value": 0}, "place_rails": {"value": 0}, "place_sapling": {"value": 0}, "place_scaffolding": {"value": 0}, "place_sign": {"value": 0}, "place_stairs": {"value": 0}, "place_torch": {"value": 0}, "place_wall": {"value": 0}, "play": {"value": 137429, "rank": 32}, "play_record": {"value": 0}, "pot_flower": {"value": 0}, "ride_boat": {"value": 1266161, "rank": 7}, "ride_horse": {"value": 0}, "ride_minecart": {"value": 0}, "ride_pig": {"value": 0}, "ride_strider": {"value": 0}, "ring_bell": {"value": 0}, "sleep": {"value": 0}, "sprint": {"value": 246923, "rank": 32}, "swim": {"value": 177459, "rank": 6}, "time_since_death": {"value": 3395, "rank": 31}, "time_since_sleep": {"value": 3415, "rank": 31}, "trade": {"value": 0}, "trigger_raid": {"value": 0}, "use_book": {"value": 0}, "use_bow": {"value": 1, "rank": 7}, "use_crossbow": {"value": 0}, "use_dirt": {"value": 3, "rank": 30}, "use_egg": {"value": 0}, "use_ender_eye": {"value": 0}, "use_ender_pearl": {"value": 0}, "use_fireworks": {"value": 0}, "use_flint": {"value": 0}, "use_hoe": {"value": 0}, "use_honey_bottle": {"value": 0}, "use_lava_bucket": {"value": 0}, "use_potion": {"value": 0}, "use_shears": {"value": 0}, "use_snowball": {"value": 0}, "use_totem": {"value": 0}, "use_water_bucket": {"value": 4, "rank": 25}, "walk": {"value": 262174, "rank": 31}, "walk_on_water": {"value": 27663, "rank": 23}, "win_raid": {"value": 0}}