{"aviate": {"value": 0}, "biomes": {"value": 17, "rank": 20}, "break_tools": {"value": 0}, "breed": {"value": 0}, "climb": {"value": 3730, "rank": 21}, "collect_berries": {"value": 0}, "collect_shroom": {"value": 0}, "craft_armor": {"value": 4, "rank": 21}, "craft_beacon": {"value": 0}, "craft_bookshelf": {"value": 21, "rank": 5}, "craft_bread": {"value": 0}, "craft_bundle": {"value": 0}, "craft_clock": {"value": 0}, "craft_compass": {"value": 0}, "craft_ender_chest": {"value": 0}, "craft_glowstone": {"value": 0}, "craft_mineral_block": {"value": 2, "rank": 16}, "craft_paper": {"value": 0}, "craft_respawn_anchor": {"value": 0}, "craft_sponge": {"value": 0}, "craft_spyglass": {"value": 0}, "craft_sword": {"value": 1, "rank": 24}, "craft_tnt": {"value": 0}, "craft_tools": {"value": 5, "rank": 36}, "craft_turtle_helmet": {"value": 0}, "craft_wool": {"value": 0}, "crouch": {"value": 2546, "rank": 37}, "damage_dealt": {"value": 209372, "rank": 2}, "damage_shield": {"value": 0}, "damage_taken": {"value": 18746, "rank": 13}, "death": {"value": 61, "rank": 12}, "dive": {"value": 50042, "rank": 13}, "drink_milk": {"value": 0}, "drop": {"value": 399, "rank": 6}, "eat_cookie": {"value": 0}, "eat_fish": {"value": 4, "rank": 6}, "eat_junkfood": {"value": 0}, "eat_meat": {"value": 0}, "eat_rawmeat": {"value": 0}, "eat_soup": {"value": 1, "rank": 5}, "eat_veggie": {"value": 32, "rank": 19}, "enchant": {"value": 143, "rank": 1}, "fall": {"value": 79598, "rank": 25}, "harvest_bamboo": {"value": 0}, "harvest_nether_wart": {"value": 0}, "harvest_sugar": {"value": 0}, "interact_anvil": {"value": 41, "rank": 3}, "interact_blast_furnace": {"value": 3, "rank": 3}, "interact_brewing_stand": {"value": 0}, "interact_campfire": {"value": 0}, "interact_cartography": {"value": 0}, "interact_grindstone": {"value": 8, "rank": 3}, "interact_lectern": {"value": 0}, "interact_loom": {"value": 0}, "interact_smoker": {"value": 0}, "interact_stonecutter": {"value": 1, "rank": 6}, "jump": {"value": 2475, "rank": 24}, "kill_any": {"value": 65665, "rank": 1}, "kill_blaze": {"value": 0}, "kill_creeper": {"value": 0}, "kill_endermite": {"value": 0}, "kill_ender_dragon": {"value": 0}, "kill_ghast": {"value": 0}, "kill_magma_cube": {"value": 0}, "kill_phantom": {"value": 2, "rank": 5}, "kill_ravager": {"value": 0}, "kill_shulker": {"value": 0}, "kill_silverfish": {"value": 0}, "kill_slime": {"value": 1, "rank": 8}, "kill_vex": {"value": 0}, "kill_witch": {"value": 0}, "kill_wither_skeleton": {"value": 0}, "kill_bee": {"value": 1, "rank": 1}, "kill_dolphin": {"value": 0}, "kill_enderman": {"value": 65474, "rank": 1}, "kill_goat": {"value": 0}, "kill_iron_golem": {"value": 0}, "kill_panda": {"value": 0}, "kill_piglin": {"value": 0}, "kill_polar_bear": {"value": 0}, "kill_snow_golem": {"value": 0}, "kill_zombie_pigman": {"value": 0}, "kill_zombified_piglin": {"value": 0}, "kill_piglin_brute": {"value": 0}, "kill_axolotl": {"value": 0}, "kill_bat": {"value": 0}, "kill_chicken": {"value": 1, "rank": 20}, "kill_cow": {"value": 0}, "kill_horse": {"value": 0}, "kill_fox": {"value": 0}, "kill_mooshroom": {"value": 0}, "kill_parrot": {"value": 0}, "kill_pig": {"value": 6, "rank": 12}, "kill_rabbit": {"value": 0}, "kill_sheep": {"value": 8, "rank": 10}, "kill_strider": {"value": 0}, "kill_turtle": {"value": 3, "rank": 1}, "kill_villager": {"value": 0}, "kill_wandering_trader": {"value": 0}, "kill_wolf": {"value": 0}, "kill_ocelot": {"value": 0}, "kill_llama": {"value": 0}, "kill_zombie": {"value": 17, "rank": 22}, "kill_skeleton": {"value": 4, "rank": 26}, "kill_spider": {"value": 7, "rank": 15}, "kill_guardian": {"value": 0}, "kill_illagers": {"value": 0}, "kill_hoglins": {"value": 0}, "kill_fish": {"value": 0}, "kill_squid": {"value": 0}, "killed_by_creeper": {"value": 0}, "mine_amethyst": {"value": 0}, "mine_cobweb": {"value": 0}, "mine_coral": {"value": 0}, "mine_dimensional": {"value": 155, "rank": 17}, "mine_glass": {"value": 105, "rank": 4}, "mine_grass": {"value": 23, "rank": 21}, "mine_ground": {"value": 50, "rank": 26}, "mine_ice": {"value": 0}, "mine_kelp": {"value": 0}, "mine_nether_foliage": {"value": 0}, "mine_obsidian": {"value": 0}, "mine_ancient_debris": {"value": 0}, "mine_coal_ore": {"value": 7, "rank": 38}, "mine_iron_ore": {"value": 0}, "mine_copper_ore": {"value": 16, "rank": 15}, "mine_diamond_ore": {"value": 0}, "mine_gold_ore": {"value": 0}, "mine_emerald_ore": {"value": 0}, "mine_lapis_ore": {"value": 0}, "mine_redstone_ore": {"value": 0}, "mine_nether_quartz_ore": {"value": 1, "rank": 18}, "mine_pointed_dripstone": {"value": 0}, "mine_snow": {"value": 1, "rank": 15}, "mine_spawner": {"value": 0}, "mine_stone": {"value": 76, "rank": 34}, "mine_wood": {"value": 60, "rank": 21}, "noteblock": {"value": 0}, "open_container": {"value": 431, "rank": 10}, "place_banner": {"value": 0}, "place_bars": {"value": 0}, "place_cactus": {"value": 0}, "place_candle": {"value": 0}, "place_chorus_flower": {"value": 0}, "place_conveyor": {"value": 0}, "place_electrics": {"value": 7, "rank": 8}, "place_glass": {"value": 291, "rank": 6}, "place_lantern": {"value": 0}, "place_lightning_rod": {"value": 0}, "place_lodestone": {"value": 0}, "place_piston": {"value": 1, "rank": 4}, "place_rails": {"value": 2, "rank": 6}, "place_sapling": {"value": 1, "rank": 18}, "place_scaffolding": {"value": 0}, "place_sign": {"value": 0}, "place_stairs": {"value": 0}, "place_torch": {"value": 0}, "place_wall": {"value": 14, "rank": 5}, "play": {"value": 954281, "rank": 13}, "play_record": {"value": 0}, "pot_flower": {"value": 0}, "ride_boat": {"value": 350105, "rank": 14}, "ride_horse": {"value": 0}, "ride_minecart": {"value": 492, "rank": 2}, "ride_pig": {"value": 0}, "ride_strider": {"value": 0}, "ring_bell": {"value": 0}, "sleep": {"value": 1, "rank": 22}, "sprint": {"value": 810278, "rank": 15}, "swim": {"value": 1219, "rank": 31}, "time_since_death": {"value": 107004, "rank": 8}, "time_since_sleep": {"value": 107024, "rank": 4}, "trade": {"value": 0}, "trigger_raid": {"value": 0}, "use_book": {"value": 0}, "use_bow": {"value": 0}, "use_crossbow": {"value": 0}, "use_dirt": {"value": 275, "rank": 13}, "use_egg": {"value": 0}, "use_ender_eye": {"value": 0}, "use_ender_pearl": {"value": 9, "rank": 4}, "use_fireworks": {"value": 0}, "use_flint": {"value": 0}, "use_hoe": {"value": 0}, "use_honey_bottle": {"value": 0}, "use_lava_bucket": {"value": 1, "rank": 14}, "use_potion": {"value": 0}, "use_shears": {"value": 0}, "use_snowball": {"value": 8, "rank": 6}, "use_totem": {"value": 0}, "use_water_bucket": {"value": 4, "rank": 24}, "walk": {"value": 1737383, "rank": 13}, "walk_on_water": {"value": 35641, "rank": 20}, "win_raid": {"value": 0}}