{"aviate": {"value": 0}, "biomes": {"value": 26, "rank": 8}, "break_tools": {"value": 23, "rank": 4}, "breed": {"value": 0}, "climb": {"value": 196490, "rank": 2}, "collect_berries": {"value": 0}, "collect_shroom": {"value": 27, "rank": 3}, "craft_armor": {"value": 11, "rank": 7}, "craft_beacon": {"value": 0}, "craft_bookshelf": {"value": 32, "rank": 3}, "craft_bread": {"value": 0}, "craft_bundle": {"value": 0}, "craft_clock": {"value": 0}, "craft_compass": {"value": 0}, "craft_ender_chest": {"value": 0}, "craft_glowstone": {"value": 139, "rank": 1}, "craft_mineral_block": {"value": 545, "rank": 3}, "craft_paper": {"value": 0}, "craft_respawn_anchor": {"value": 0}, "craft_sponge": {"value": 32, "rank": 1}, "craft_spyglass": {"value": 0}, "craft_sword": {"value": 3, "rank": 6}, "craft_tnt": {"value": 0}, "craft_tools": {"value": 47, "rank": 6}, "craft_turtle_helmet": {"value": 0}, "craft_wool": {"value": 39, "rank": 1}, "crouch": {"value": 429193, "rank": 2}, "damage_dealt": {"value": 35920, "rank": 10}, "damage_shield": {"value": 0}, "damage_taken": {"value": 40253, "rank": 6}, "death": {"value": 131, "rank": 4}, "dive": {"value": 1447610, "rank": 1}, "drink_milk": {"value": 0}, "drop": {"value": 152, "rank": 12}, "eat_cookie": {"value": 0}, "eat_fish": {"value": 21, "rank": 5}, "eat_junkfood": {"value": 1, "rank": 20}, "eat_meat": {"value": 32, "rank": 10}, "eat_rawmeat": {"value": 0}, "eat_soup": {"value": 0}, "eat_veggie": {"value": 55, "rank": 14}, "enchant": {"value": 2, "rank": 14}, "fall": {"value": 304986, "rank": 10}, "harvest_bamboo": {"value": 0}, "harvest_nether_wart": {"value": 0}, "harvest_sugar": {"value": 16, "rank": 12}, "interact_anvil": {"value": 15, "rank": 8}, "interact_blast_furnace": {"value": 1, "rank": 5}, "interact_brewing_stand": {"value": 3, "rank": 4}, "interact_campfire": {"value": 0}, "interact_cartography": {"value": 0}, "interact_grindstone": {"value": 0}, "interact_lectern": {"value": 0}, "interact_loom": {"value": 0}, "interact_smoker": {"value": 2, "rank": 4}, "interact_stonecutter": {"value": 0}, "jump": {"value": 12007, "rank": 9}, "kill_any": {"value": 201, "rank": 11}, "kill_blaze": {"value": 19, "rank": 5}, "kill_creeper": {"value": 12, "rank": 5}, "kill_endermite": {"value": 0}, "kill_ender_dragon": {"value": 0}, "kill_ghast": {"value": 1, "rank": 4}, "kill_magma_cube": {"value": 14, "rank": 4}, "kill_phantom": {"value": 0}, "kill_ravager": {"value": 0}, "kill_shulker": {"value": 0}, "kill_silverfish": {"value": 0}, "kill_slime": {"value": 0}, "kill_vex": {"value": 0}, "kill_witch": {"value": 2, "rank": 3}, "kill_wither_skeleton": {"value": 2, "rank": 5}, "kill_bee": {"value": 0}, "kill_dolphin": {"value": 0}, "kill_enderman": {"value": 0}, "kill_goat": {"value": 0}, "kill_iron_golem": {"value": 0}, "kill_panda": {"value": 0}, "kill_piglin": {"value": 4, "rank": 8}, "kill_polar_bear": {"value": 1, "rank": 2}, "kill_snow_golem": {"value": 0}, "kill_zombie_pigman": {"value": 0}, "kill_zombified_piglin": {"value": 0}, "kill_piglin_brute": {"value": 0}, "kill_axolotl": {"value": 0}, "kill_bat": {"value": 1, "rank": 3}, "kill_chicken": {"value": 5, "rank": 7}, "kill_cow": {"value": 3, "rank": 16}, "kill_horse": {"value": 0}, "kill_fox": {"value": 0}, "kill_mooshroom": {"value": 0}, "kill_parrot": {"value": 1, "rank": 1}, "kill_pig": {"value": 7, "rank": 10}, "kill_rabbit": {"value": 0}, "kill_sheep": {"value": 6, "rank": 12}, "kill_strider": {"value": 0}, "kill_turtle": {"value": 1, "rank": 2}, "kill_villager": {"value": 0}, "kill_wandering_trader": {"value": 0}, "kill_wolf": {"value": 0}, "kill_ocelot": {"value": 0}, "kill_llama": {"value": 0}, "kill_zombie": {"value": 60, "rank": 8}, "kill_skeleton": {"value": 21, "rank": 8}, "kill_spider": {"value": 9, "rank": 13}, "kill_guardian": {"value": 15, "rank": 3}, "kill_illagers": {"value": 3, "rank": 6}, "kill_hoglins": {"value": 0}, "kill_fish": {"value": 0}, "kill_squid": {"value": 4, "rank": 5}, "killed_by_creeper": {"value": 6, "rank": 7}, "mine_amethyst": {"value": 10, "rank": 4}, "mine_cobweb": {"value": 0}, "mine_coral": {"value": 73, "rank": 2}, "mine_dimensional": {"value": 887, "rank": 13}, "mine_glass": {"value": 130, "rank": 2}, "mine_grass": {"value": 200, "rank": 9}, "mine_ground": {"value": 3082, "rank": 3}, "mine_ice": {"value": 423, "rank": 2}, "mine_kelp": {"value": 0}, "mine_nether_foliage": {"value": 0}, "mine_obsidian": {"value": 18, "rank": 7}, "mine_ancient_debris": {"value": 0}, "mine_coal_ore": {"value": 93, "rank": 17}, "mine_iron_ore": {"value": 73, "rank": 18}, "mine_copper_ore": {"value": 4, "rank": 24}, "mine_diamond_ore": {"value": 8, "rank": 23}, "mine_gold_ore": {"value": 45, "rank": 11}, "mine_emerald_ore": {"value": 0}, "mine_lapis_ore": {"value": 7, "rank": 22}, "mine_redstone_ore": {"value": 37, "rank": 9}, "mine_nether_quartz_ore": {"value": 246, "rank": 9}, "mine_pointed_dripstone": {"value": 4, "rank": 3}, "mine_snow": {"value": 71, "rank": 3}, "mine_spawner": {"value": 0}, "mine_stone": {"value": 1823, "rank": 12}, "mine_wood": {"value": 268, "rank": 9}, "noteblock": {"value": 0}, "open_container": {"value": 1396, "rank": 3}, "place_banner": {"value": 0}, "place_bars": {"value": 50, "rank": 2}, "place_cactus": {"value": 0}, "place_candle": {"value": 0}, "place_chorus_flower": {"value": 0}, "place_conveyor": {"value": 0}, "place_electrics": {"value": 8, "rank": 7}, "place_glass": {"value": 1449, "rank": 1}, "place_lantern": {"value": 14, "rank": 3}, "place_lightning_rod": {"value": 0}, "place_lodestone": {"value": 0}, "place_piston": {"value": 0}, "place_rails": {"value": 0}, "place_sapling": {"value": 0}, "place_scaffolding": {"value": 0}, "place_sign": {"value": 30, "rank": 3}, "place_stairs": {"value": 159, "rank": 3}, "place_torch": {"value": 1282, "rank": 2}, "place_wall": {"value": 0}, "play": {"value": 1951422, "rank": 7}, "play_record": {"value": 0}, "pot_flower": {"value": 0}, "ride_boat": {"value": 5180425, "rank": 2}, "ride_horse": {"value": 0}, "ride_minecart": {"value": 0}, "ride_pig": {"value": 0}, "ride_strider": {"value": 0}, "ring_bell": {"value": 0}, "sleep": {"value": 7, "rank": 7}, "sprint": {"value": 1395372, "rank": 12}, "swim": {"value": 1434981, "rank": 1}, "time_since_death": {"value": 46070, "rank": 14}, "time_since_sleep": {"value": 46090, "rank": 10}, "trade": {"value": 0}, "trigger_raid": {"value": 0}, "use_book": {"value": 0}, "use_bow": {"value": 84, "rank": 4}, "use_crossbow": {"value": 0}, "use_dirt": {"value": 319, "rank": 10}, "use_egg": {"value": 0}, "use_ender_eye": {"value": 0}, "use_ender_pearl": {"value": 0}, "use_fireworks": {"value": 0}, "use_flint": {"value": 277, "rank": 1}, "use_hoe": {"value": 174, "rank": 6}, "use_honey_bottle": {"value": 0}, "use_lava_bucket": {"value": 7, "rank": 10}, "use_potion": {"value": 0}, "use_shears": {"value": 0}, "use_snowball": {"value": 0}, "use_totem": {"value": 0}, "use_water_bucket": {"value": 682, "rank": 1}, "walk": {"value": 4191300, "rank": 7}, "walk_on_water": {"value": 484942, "rank": 2}, "win_raid": {"value": 0}}