{"aviate": {"value": 0}, "biomes": {"value": 12, "rank": 26}, "break_tools": {"value": 4, "rank": 18}, "breed": {"value": 0}, "climb": {"value": 24, "rank": 38}, "collect_berries": {"value": 0}, "collect_shroom": {"value": 0}, "craft_armor": {"value": 0}, "craft_beacon": {"value": 0}, "craft_bookshelf": {"value": 0}, "craft_bread": {"value": 13, "rank": 15}, "craft_bundle": {"value": 0}, "craft_clock": {"value": 0}, "craft_compass": {"value": 0}, "craft_ender_chest": {"value": 0}, "craft_glowstone": {"value": 0}, "craft_mineral_block": {"value": 103, "rank": 10}, "craft_paper": {"value": 0}, "craft_respawn_anchor": {"value": 0}, "craft_sponge": {"value": 0}, "craft_spyglass": {"value": 0}, "craft_sword": {"value": 0}, "craft_tnt": {"value": 0}, "craft_tools": {"value": 12, "rank": 19}, "craft_turtle_helmet": {"value": 0}, "craft_wool": {"value": 0}, "crouch": {"value": 10985, "rank": 30}, "damage_dealt": {"value": 2397, "rank": 35}, "damage_shield": {"value": 0}, "damage_taken": {"value": 4450, "rank": 27}, "death": {"value": 14, "rank": 24}, "dive": {"value": 13696, "rank": 24}, "drink_milk": {"value": 0}, "drop": {"value": 71, "rank": 20}, "eat_cookie": {"value": 0}, "eat_fish": {"value": 0}, "eat_junkfood": {"value": 0}, "eat_meat": {"value": 0}, "eat_rawmeat": {"value": 0}, "eat_soup": {"value": 0}, "eat_veggie": {"value": 5, "rank": 31}, "enchant": {"value": 4, "rank": 12}, "fall": {"value": 48503, "rank": 29}, "harvest_bamboo": {"value": 0}, "harvest_nether_wart": {"value": 0}, "harvest_sugar": {"value": 62, "rank": 5}, "interact_anvil": {"value": 0}, "interact_blast_furnace": {"value": 0}, "interact_brewing_stand": {"value": 0}, "interact_campfire": {"value": 0}, "interact_cartography": {"value": 0}, "interact_grindstone": {"value": 0}, "interact_lectern": {"value": 0}, "interact_loom": {"value": 0}, "interact_smoker": {"value": 0}, "interact_stonecutter": {"value": 0}, "jump": {"value": 1489, "rank": 32}, "kill_any": {"value": 10, "rank": 36}, "kill_blaze": {"value": 0}, "kill_creeper": {"value": 0}, "kill_endermite": {"value": 0}, "kill_ender_dragon": {"value": 0}, "kill_ghast": {"value": 0}, "kill_magma_cube": {"value": 0}, "kill_phantom": {"value": 0}, "kill_ravager": {"value": 0}, "kill_shulker": {"value": 0}, "kill_silverfish": {"value": 0}, "kill_slime": {"value": 0}, "kill_vex": {"value": 0}, "kill_witch": {"value": 0}, "kill_wither_skeleton": {"value": 0}, "kill_bee": {"value": 0}, "kill_dolphin": {"value": 0}, "kill_enderman": {"value": 0}, "kill_goat": {"value": 0}, "kill_iron_golem": {"value": 0}, "kill_panda": {"value": 0}, "kill_piglin": {"value": 1, "rank": 13}, "kill_polar_bear": {"value": 0}, "kill_snow_golem": {"value": 0}, "kill_zombie_pigman": {"value": 0}, "kill_zombified_piglin": {"value": 1, "rank": 8}, "kill_piglin_brute": {"value": 0}, "kill_axolotl": {"value": 0}, "kill_bat": {"value": 0}, "kill_chicken": {"value": 0}, "kill_cow": {"value": 0}, "kill_horse": {"value": 0}, "kill_fox": {"value": 0}, "kill_mooshroom": {"value": 0}, "kill_parrot": {"value": 0}, "kill_pig": {"value": 0}, "kill_rabbit": {"value": 0}, "kill_sheep": {"value": 0}, "kill_strider": {"value": 0}, "kill_turtle": {"value": 0}, "kill_villager": {"value": 0}, "kill_wandering_trader": {"value": 0}, "kill_wolf": {"value": 0}, "kill_ocelot": {"value": 0}, "kill_llama": {"value": 0}, "kill_zombie": {"value": 6, "rank": 32}, "kill_skeleton": {"value": 1, "rank": 35}, "kill_spider": {"value": 0}, "kill_guardian": {"value": 0}, "kill_illagers": {"value": 0}, "kill_hoglins": {"value": 0}, "kill_fish": {"value": 0}, "kill_squid": {"value": 0}, "killed_by_creeper": {"value": 1, "rank": 21}, "mine_amethyst": {"value": 36, "rank": 2}, "mine_cobweb": {"value": 0}, "mine_coral": {"value": 0}, "mine_dimensional": {"value": 483, "rank": 14}, "mine_glass": {"value": 0}, "mine_grass": {"value": 4, "rank": 34}, "mine_ground": {"value": 17, "rank": 36}, "mine_ice": {"value": 0}, "mine_kelp": {"value": 0}, "mine_nether_foliage": {"value": 0}, "mine_obsidian": {"value": 3, "rank": 10}, "mine_ancient_debris": {"value": 6, "rank": 9}, "mine_coal_ore": {"value": 27, "rank": 32}, "mine_iron_ore": {"value": 13, "rank": 31}, "mine_copper_ore": {"value": 10, "rank": 16}, "mine_diamond_ore": {"value": 61, "rank": 7}, "mine_gold_ore": {"value": 25, "rank": 18}, "mine_emerald_ore": {"value": 1, "rank": 7}, "mine_lapis_ore": {"value": 9, "rank": 16}, "mine_redstone_ore": {"value": 55, "rank": 6}, "mine_nether_quartz_ore": {"value": 513, "rank": 8}, "mine_pointed_dripstone": {"value": 0}, "mine_snow": {"value": 0}, "mine_spawner": {"value": 0}, "mine_stone": {"value": 612, "rank": 20}, "mine_wood": {"value": 76, "rank": 20}, "noteblock": {"value": 0}, "open_container": {"value": 9, "rank": 33}, "place_banner": {"value": 0}, "place_bars": {"value": 0}, "place_cactus": {"value": 0}, "place_candle": {"value": 0}, "place_chorus_flower": {"value": 0}, "place_conveyor": {"value": 0}, "place_electrics": {"value": 1, "rank": 16}, "place_glass": {"value": 0}, "place_lantern": {"value": 0}, "place_lightning_rod": {"value": 0}, "place_lodestone": {"value": 0}, "place_piston": {"value": 0}, "place_rails": {"value": 0}, "place_sapling": {"value": 0}, "place_scaffolding": {"value": 0}, "place_sign": {"value": 0}, "place_stairs": {"value": 0}, "place_torch": {"value": 0}, "place_wall": {"value": 0}, "play": {"value": 181752, "rank": 28}, "play_record": {"value": 0}, "pot_flower": {"value": 0}, "ride_boat": {"value": 0}, "ride_horse": {"value": 0}, "ride_minecart": {"value": 0}, "ride_pig": {"value": 0}, "ride_strider": {"value": 0}, "ring_bell": {"value": 0}, "sleep": {"value": 0}, "sprint": {"value": 169023, "rank": 36}, "swim": {"value": 22030, "rank": 21}, "time_since_death": {"value": 2882, "rank": 32}, "time_since_sleep": {"value": 2902, "rank": 32}, "trade": {"value": 0}, "trigger_raid": {"value": 0}, "use_book": {"value": 0}, "use_bow": {"value": 0}, "use_crossbow": {"value": 0}, "use_dirt": {"value": 1, "rank": 33}, "use_egg": {"value": 0}, "use_ender_eye": {"value": 0}, "use_ender_pearl": {"value": 0}, "use_fireworks": {"value": 0}, "use_flint": {"value": 0}, "use_hoe": {"value": 0}, "use_honey_bottle": {"value": 0}, "use_lava_bucket": {"value": 0}, "use_potion": {"value": 0}, "use_shears": {"value": 0}, "use_snowball": {"value": 0}, "use_totem": {"value": 0}, "use_water_bucket": {"value": 0}, "walk": {"value": 331132, "rank": 29}, "walk_on_water": {"value": 9265, "rank": 32}, "win_raid": {"value": 0}}